날짜,구,구신규,전국신규,서울신규
2020-01-24,강서구,1,,1
2020-01-30,마포구,1,,3
2020-01-30,종로구,1,,3
2020-01-30,중랑구,1,,3
2020-01-31,성북구,1,,3
2020-01-31,종로구,2,,3
2020-02-02,타시도,1,,1
2020-02-05,성북구,1,1,2
2020-02-05,송파구,1,1,2
2020-02-06,서대문구,1,4,1
2020-02-07,타시도,1,1,1
2020-02-16,종로구,2,1,2
2020-02-19,성동구,1,20,2
2020-02-19,종로구,1,20,2
2020-02-20,성동구,1,53,5
2020-02-20,종로구,3,53,5
2020-02-20,타시도,1,53,5
2020-02-21,서대문구,1,100,2
2020-02-21,서초구,1,100,2
2020-02-22,강동구,1,229,4
2020-02-22,구로구,1,229,4
2020-02-22,서초구,2,229,4
2020-02-23,강서구,1,169,4
2020-02-23,송파구,2,169,4
2020-02-23,종로구,1,169,4
2020-02-24,관악구,1,231,4
2020-02-24,송파구,2,231,4
2020-02-24,타시도,1,231,4
2020-02-25,강동구,1,144,16
2020-02-25,금천구,1,144,16
2020-02-25,노원구,2,144,16
2020-02-25,동작구,1,144,16
2020-02-25,서대문구,1,144,16
2020-02-25,송파구,4,144,16
2020-02-25,은평구,2,144,16
2020-02-25,종로구,1,144,16
2020-02-25,타시도,3,144,16
2020-02-26,강남구,2,284,10
2020-02-26,강동구,2,284,10
2020-02-26,관악구,1,284,10
2020-02-26,양천구,1,284,10
2020-02-26,은평구,4,284,10
2020-02-27,강남구,2,505,13
2020-02-27,관악구,1,505,13
2020-02-27,광진구,1,505,13
2020-02-27,노원구,3,505,13
2020-02-27,동대문구,1,505,13
2020-02-27,송파구,3,505,13
2020-02-27,영등포구,1,505,13
2020-02-27,은평구,1,505,13
2020-02-28,강남구,2,571,8
2020-02-28,관악구,1,571,8
2020-02-28,노원구,2,571,8
2020-02-28,서대문구,1,571,8
2020-02-28,서초구,1,571,8
2020-02-28,타시도,1,571,8
2020-02-29,강남구,1,813,5
2020-02-29,노원구,1,813,5
2020-02-29,성동구,1,813,5
2020-02-29,성북구,1,813,5
2020-02-29,영등포구,1,813,5
2020-03-01,강남구,2,586,6
2020-03-01,광진구,1,586,6
2020-03-01,동대문구,1,586,6
2020-03-01,양천구,1,586,6
2020-03-01,타시도,1,586,6
2020-03-02,도봉구,1,476,6
2020-03-02,서초구,1,476,6
2020-03-02,성북구,2,476,6
2020-03-02,영등포구,2,476,6
2020-03-03,동대문구,1,600,1
2020-03-04,강북구,2,516,5
2020-03-04,동대문구,1,516,5
2020-03-04,용산구,1,516,5
2020-03-04,중랑구,1,516,5
2020-03-05,강북구,1,438,1
2020-03-06,강남구,2,518,7
2020-03-06,강서구,1,518,7
2020-03-06,성북구,1,518,7
2020-03-06,은평구,1,518,7
2020-03-06,타시도,2,518,7
2020-03-07,강북구,1,483,7
2020-03-07,관악구,1,483,7
2020-03-07,서초구,1,483,7
2020-03-07,양천구,3,483,7
2020-03-07,타시도,1,483,7
2020-03-08,강남구,1,367,10
2020-03-08,노원구,1,367,10
2020-03-08,동대문구,7,367,10
2020-03-08,타시도,1,367,10
2020-03-09,강동구,1,248,26
2020-03-09,강서구,3,248,26
2020-03-09,구로구,8,248,26
2020-03-09,금천구,1,248,26
2020-03-09,노원구,1,248,26
2020-03-09,동작구,1,248,26
2020-03-09,양천구,2,248,26
2020-03-09,은평구,4,248,26
2020-03-09,중구,1,248,26
2020-03-09,타시도,4,248,26
2020-03-10,강서구,4,131,46
2020-03-10,관악구,8,131,46
2020-03-10,구로구,5,131,46
2020-03-10,금천구,1,131,46
2020-03-10,노원구,2,131,46
2020-03-10,동대문구,4,131,46
2020-03-10,동작구,3,131,46
2020-03-10,마포구,4,131,46
2020-03-10,송파구,1,131,46
2020-03-10,양천구,7,131,46
2020-03-10,영등포구,5,131,46
2020-03-10,은평구,2,131,46
2020-03-11,강서구,3,242,17
2020-03-11,구로구,2,242,17
2020-03-11,동대문구,3,242,17
2020-03-11,마포구,1,242,17
2020-03-11,서대문구,2,242,17
2020-03-11,성북구,2,242,17
2020-03-11,송파구,1,242,17
2020-03-11,은평구,2,242,17
2020-03-11,중랑구,1,242,17
2020-03-12,강남구,1,114,12
2020-03-12,강북구,1,114,12
2020-03-12,관악구,1,114,12
2020-03-12,금천구,2,114,12
2020-03-12,노원구,1,114,12
2020-03-12,동대문구,1,114,12
2020-03-12,서초구,1,114,12
2020-03-12,성북구,1,114,12
2020-03-12,송파구,1,114,12
2020-03-12,용산구,1,114,12
2020-03-12,중랑구,1,114,12
2020-03-13,관악구,1,110,9
2020-03-13,노원구,1,110,9
2020-03-13,동대문구,3,110,9
2020-03-13,동작구,1,110,9
2020-03-13,마포구,1,110,9
2020-03-13,서초구,2,110,9
2020-03-14,강남구,1,107,8
2020-03-14,구로구,2,107,8
2020-03-14,도봉구,1,107,8
2020-03-14,마포구,1,107,8
2020-03-14,영등포구,2,107,8
2020-03-14,중랑구,1,107,8
2020-03-15,강서구,1,76,6
2020-03-15,구로구,2,76,6
2020-03-15,노원구,1,76,6
2020-03-15,영등포구,1,76,6
2020-03-15,은평구,1,76,6
2020-03-16,강서구,1,74,13
2020-03-16,관악구,2,74,13
2020-03-16,구로구,2,74,13
2020-03-16,동대문구,2,74,13
2020-03-16,동작구,1,74,13
2020-03-16,서대문구,2,74,13
2020-03-16,영등포구,1,74,13
2020-03-16,용산구,1,74,13
2020-03-16,은평구,1,74,13
2020-03-17,동대문구,1,84,4
2020-03-17,마포구,1,84,4
2020-03-17,송파구,1,84,4
2020-03-17,타시도,1,84,4
2020-03-18,강남구,2,93,11
2020-03-18,광진구,1,93,11
2020-03-18,노원구,1,93,11
2020-03-18,동작구,2,93,11
2020-03-18,마포구,1,93,11
2020-03-18,성북구,2,93,11
2020-03-18,양천구,1,93,11
2020-03-18,용산구,1,93,11
2020-03-19,강남구,1,152,17
2020-03-19,강서구,1,152,17
2020-03-19,관악구,1,152,17
2020-03-19,노원구,2,152,17
2020-03-19,동작구,2,152,17
2020-03-19,마포구,3,152,17
2020-03-19,성동구,1,152,17
2020-03-19,송파구,2,152,17
2020-03-19,양천구,1,152,17
2020-03-19,영등포구,2,152,17
2020-03-19,용산구,1,152,17
2020-03-20,강동구,2,87,17
2020-03-20,강서구,1,87,17
2020-03-20,관악구,1,87,17
2020-03-20,광진구,1,87,17
2020-03-20,구로구,1,87,17
2020-03-20,노원구,2,87,17
2020-03-20,동작구,2,87,17
2020-03-20,서초구,2,87,17
2020-03-20,성동구,1,87,17
2020-03-20,성북구,1,87,17
2020-03-20,영등포구,1,87,17
2020-03-20,은평구,1,87,17
2020-03-20,중랑구,1,87,17
2020-03-21,강서구,1,147,8
2020-03-21,서대문구,2,147,8
2020-03-21,서초구,1,147,8
2020-03-21,성동구,1,147,8
2020-03-21,영등포구,1,147,8
2020-03-21,중랑구,2,147,8
2020-03-22,강서구,1,98,6
2020-03-22,도봉구,1,98,6
2020-03-22,서대문구,2,98,6
2020-03-22,성북구,1,98,6
2020-03-22,은평구,1,98,6
2020-03-23,강남구,1,64,5
2020-03-23,송파구,1,64,5
2020-03-23,영등포구,1,64,5
2020-03-23,용산구,1,64,5
2020-03-23,종로구,1,64,5
2020-03-24,강남구,1,76,14
2020-03-24,강동구,1,76,14
2020-03-24,강서구,2,76,14
2020-03-24,도봉구,1,76,14
2020-03-24,동대문구,1,76,14
2020-03-24,동작구,1,76,14
2020-03-24,서초구,1,76,14
2020-03-24,용산구,1,76,14
2020-03-24,은평구,1,76,14
2020-03-24,종로구,1,76,14
2020-03-24,중랑구,2,76,14
2020-03-24,타시도,1,76,14
2020-03-25,강남구,4,100,13
2020-03-25,강서구,1,100,13
2020-03-25,금천구,1,100,13
2020-03-25,동작구,2,100,13
2020-03-25,서초구,3,100,13
2020-03-25,타시도,2,100,13
2020-03-26,강남구,4,104,14
2020-03-26,강동구,1,104,14
2020-03-26,구로구,2,104,14
2020-03-26,금천구,1,104,14
2020-03-26,서초구,1,104,14
2020-03-26,성북구,1,104,14
2020-03-26,송파구,2,104,14
2020-03-26,용산구,1,104,14
2020-03-26,중랑구,1,104,14
2020-03-27,강남구,2,91,15
2020-03-27,관악구,1,91,15
2020-03-27,구로구,1,91,15
2020-03-27,기타,1,91,15
2020-03-27,도봉구,1,91,15
2020-03-27,마포구,1,91,15
2020-03-27,서초구,1,91,15
2020-03-27,성북구,1,91,15
2020-03-27,송파구,1,91,15
2020-03-27,영등포구,1,91,15
2020-03-27,중구,1,91,15
2020-03-27,중랑구,2,91,15
2020-03-27,타시도,1,91,15
2020-03-28,강남구,5,146,22
2020-03-28,관악구,1,146,22
2020-03-28,구로구,4,146,22
2020-03-28,금천구,1,146,22
2020-03-28,기타,1,146,22
2020-03-28,동작구,3,146,22
2020-03-28,서초구,4,146,22
2020-03-28,송파구,1,146,22
2020-03-28,양천구,1,146,22
2020-03-28,중구,1,146,22
2020-03-29,강남구,4,105,22
2020-03-29,관악구,3,105,22
2020-03-29,광진구,1,105,22
2020-03-29,구로구,1,105,22
2020-03-29,금천구,4,105,22
2020-03-29,도봉구,1,105,22
2020-03-29,동작구,2,105,22
2020-03-29,마포구,1,105,22
2020-03-29,서대문구,1,105,22
2020-03-29,송파구,1,105,22
2020-03-29,용산구,1,105,22
2020-03-29,타시도,2,105,22
2020-03-30,강남구,1,78,19
2020-03-30,강동구,1,78,19
2020-03-30,관악구,4,78,19
2020-03-30,구로구,2,78,19
2020-03-30,동작구,2,78,19
2020-03-30,서초구,2,78,19
2020-03-30,송파구,1,78,19
2020-03-30,용산구,3,78,19
2020-03-30,중구,1,78,19
2020-03-30,타시도,2,78,19
2020-03-31,강남구,4,125,24
2020-03-31,관악구,6,125,24
2020-03-31,광진구,1,125,24
2020-03-31,구로구,1,125,24
2020-03-31,동작구,1,125,24
2020-03-31,마포구,2,125,24
2020-03-31,서초구,1,125,24
2020-03-31,송파구,2,125,24
2020-03-31,양천구,1,125,24
2020-03-31,영등포구,1,125,24
2020-03-31,종로구,1,125,24
2020-03-31,중구,1,125,24
2020-03-31,타시도,2,125,24
2020-04-01,광진구,1,101,16
2020-04-01,기타,4,101,16
2020-04-01,동대문구,1,101,16
2020-04-01,동작구,1,101,16
2020-04-01,마포구,1,101,16
2020-04-01,서대문구,1,101,16
2020-04-01,서초구,2,101,16
2020-04-01,송파구,1,101,16
2020-04-01,종로구,1,101,16
2020-04-01,타시도,3,101,16
2020-04-02,강동구,1,89,19
2020-04-02,관악구,3,89,19
2020-04-02,노원구,1,89,19
2020-04-02,서초구,2,89,19
2020-04-02,성동구,1,89,19
2020-04-02,송파구,1,89,19
2020-04-02,양천구,2,89,19
2020-04-02,영등포구,1,89,19
2020-04-02,용산구,2,89,19
2020-04-02,은평구,2,89,19
2020-04-02,종로구,1,89,19
2020-04-02,중랑구,1,89,19
2020-04-02,타시도,1,89,19
2020-04-03,강남구,5,86,20
2020-04-03,강동구,1,86,20
2020-04-03,구로구,1,86,20
2020-04-03,노원구,1,86,20
2020-04-03,도봉구,1,86,20
2020-04-03,동대문구,1,86,20
2020-04-03,동작구,3,86,20
2020-04-03,서대문구,1,86,20
2020-04-03,서초구,2,86,20
2020-04-03,송파구,3,86,20
2020-04-03,은평구,1,86,20
2020-04-04,강남구,2,94,19
2020-04-04,강서구,1,94,19
2020-04-04,관악구,2,94,19
2020-04-04,동대문구,2,94,19
2020-04-04,마포구,1,94,19
2020-04-04,서대문구,2,94,19
2020-04-04,성북구,1,94,19
2020-04-04,송파구,3,94,19
2020-04-04,영등포구,1,94,19
2020-04-04,용산구,1,94,19
2020-04-04,은평구,1,94,19
2020-04-04,중랑구,1,94,19
2020-04-04,타시도,1,94,19
2020-04-05,강동구,1,81,11
2020-04-05,강서구,1,81,11
2020-04-05,관악구,1,81,11
2020-04-05,성북구,2,81,11
2020-04-05,송파구,1,81,11
2020-04-05,영등포구,1,81,11
2020-04-05,용산구,2,81,11
2020-04-05,은평구,1,81,11
2020-04-05,타시도,1,81,11
2020-04-06,강남구,4,47,8
2020-04-06,관악구,1,47,8
2020-04-06,노원구,1,47,8
2020-04-06,성동구,1,47,8
2020-04-06,중랑구,1,47,8
2020-04-07,강남구,1,47,10
2020-04-07,강서구,1,47,10
2020-04-07,동대문구,1,47,10
2020-04-07,서초구,3,47,10
2020-04-07,성북구,2,47,10
2020-04-07,영등포구,1,47,10
2020-04-07,타시도,1,47,10
2020-04-08,강남구,1,53,11
2020-04-08,도봉구,1,53,11
2020-04-08,동작구,1,53,11
2020-04-08,마포구,3,53,11
2020-04-08,서초구,2,53,11
2020-04-08,성동구,2,53,11
2020-04-08,영등포구,1,53,11
2020-04-09,강남구,1,39,5
2020-04-09,광진구,1,39,5
2020-04-09,성동구,2,39,5
2020-04-09,성북구,1,39,5
2020-04-10,강남구,2,27,3
2020-04-10,양천구,1,27,3
2020-04-11,관악구,1,30,2
2020-04-11,은평구,1,30,2
2020-04-12,도봉구,1,32,8
2020-04-12,동작구,1,32,8
2020-04-12,성동구,4,32,8
2020-04-12,송파구,1,32,8
2020-04-12,은평구,1,32,8
2020-04-13,성동구,2,25,3
2020-04-13,성북구,1,25,3
2020-04-14,동작구,1,27,5
2020-04-14,서초구,2,27,5
2020-04-14,성동구,1,27,5
2020-04-14,중구,1,27,5
2020-04-15,서대문구,1,27,1
2020-04-16,강남구,1,22,2
2020-04-16,용산구,1,22,2
2020-04-17,강남구,1,22,2
2020-04-17,성북구,1,22,2
2020-04-18,강남구,1,18,1
2020-04-19,강서구,1,8,1
2020-04-20,마포구,1,13,1
2020-04-21,마포구,1,9,2
2020-04-21,타시도,1,9,2
2020-04-24,기타,1,6,1
2020-04-27,강남구,2,10,4
2020-04-27,관악구,1,10,4
2020-04-27,성북구,1,10,4
2020-04-30,서대문구,1,4,1
2020-05-01,성동구,1,9,1
2020-05-02,강동구,1,6,2
2020-05-02,용산구,1,6,2
2020-05-08,강동구,1,12,13
2020-05-08,관악구,3,12,13
2020-05-08,동작구,1,12,13
2020-05-08,용산구,4,12,13
2020-05-08,종로구,1,12,13
2020-05-08,중구,1,12,13
2020-05-08,타시도,2,12,13
2020-05-09,강남구,1,18,18
2020-05-09,강서구,2,18,18
2020-05-09,관악구,1,18,18
2020-05-09,광진구,2,18,18
2020-05-09,도봉구,1,18,18
2020-05-09,동작구,2,18,18
2020-05-09,서대문구,1,18,18
2020-05-09,서초구,1,18,18
2020-05-09,성북구,2,18,18
2020-05-09,송파구,1,18,18
2020-05-09,용산구,4,18,18
2020-05-10,강남구,4,34,20
2020-05-10,강북구,1,34,20
2020-05-10,강서구,1,34,20
2020-05-10,관악구,3,34,20
2020-05-10,광진구,1,34,20
2020-05-10,동대문구,1,34,20
2020-05-10,동작구,2,34,20
2020-05-10,성북구,1,34,20
2020-05-10,송파구,1,34,20
2020-05-10,양천구,1,34,20
2020-05-10,용산구,2,34,20
2020-05-10,중랑구,1,34,20
2020-05-10,타시도,1,34,20
2020-05-11,강동구,1,35,12
2020-05-11,강북구,1,35,12
2020-05-11,강서구,1,35,12
2020-05-11,관악구,1,35,12
2020-05-11,도봉구,1,35,12
2020-05-11,서대문구,1,35,12
2020-05-11,서초구,1,35,12
2020-05-11,성동구,1,35,12
2020-05-11,양천구,1,35,12
2020-05-11,용산구,2,35,12
2020-05-11,중구,1,35,12
2020-05-12,강북구,1,27,8
2020-05-12,관악구,1,27,8
2020-05-12,노원구,1,27,8
2020-05-12,도봉구,1,27,8
2020-05-12,동대문구,1,27,8
2020-05-12,동작구,1,27,8
2020-05-12,성동구,1,27,8
2020-05-12,송파구,1,27,8
2020-05-13,강동구,1,26,5
2020-05-13,강서구,1,26,5
2020-05-13,노원구,1,26,5
2020-05-13,송파구,1,26,5
2020-05-13,영등포구,1,26,5
2020-05-14,강남구,1,29,12
2020-05-14,강동구,2,29,12
2020-05-14,광진구,1,29,12
2020-05-14,금천구,1,29,12
2020-05-14,도봉구,2,29,12
2020-05-14,동대문구,1,29,12
2020-05-14,송파구,1,29,12
2020-05-14,영등포구,1,29,12
2020-05-14,용산구,2,29,12
2020-05-15,강남구,1,27,6
2020-05-15,관악구,1,27,6
2020-05-15,서대문구,1,27,6
2020-05-15,용산구,1,27,6
2020-05-15,은평구,2,27,6
2020-05-16,노원구,2,19,4
2020-05-16,송파구,2,19,4
2020-05-17,종로구,1,13,1
2020-05-18,강서구,1,15,7
2020-05-18,구로구,1,15,7
2020-05-18,성북구,1,15,7
2020-05-18,송파구,1,15,7
2020-05-18,양천구,2,15,7
2020-05-18,영등포구,1,15,7
2020-05-19,강남구,1,13,9
2020-05-19,강동구,1,13,9
2020-05-19,강북구,1,13,9
2020-05-19,도봉구,1,13,9
2020-05-19,서초구,1,13,9
2020-05-19,용산구,4,13,9
2020-05-20,도봉구,1,32,4
2020-05-20,동작구,1,32,4
2020-05-20,양천구,1,32,4
2020-05-20,타시도,1,32,4
2020-05-21,관악구,1,12,3
2020-05-21,광진구,1,12,3
2020-05-21,노원구,1,12,3
2020-05-22,강동구,1,20,3
2020-05-22,서초구,1,20,3
2020-05-22,타시도,1,20,3
2020-05-23,강동구,1,23,6
2020-05-23,강북구,1,23,6
2020-05-23,관악구,1,23,6
2020-05-23,노원구,1,23,6
2020-05-23,중랑구,1,23,6
2020-05-23,타시도,1,23,6
2020-05-24,강북구,2,25,7
2020-05-24,관악구,1,25,7
2020-05-24,성동구,1,25,7
2020-05-24,영등포구,2,25,7
2020-05-24,중랑구,1,25,7
2020-05-25,강동구,1,16,8
2020-05-25,강서구,1,16,8
2020-05-25,구로구,1,16,8
2020-05-25,노원구,1,16,8
2020-05-25,도봉구,1,16,8
2020-05-25,성동구,3,16,8
2020-05-26,강서구,3,19,19
2020-05-26,관악구,1,19,19
2020-05-26,구로구,1,19,19
2020-05-26,금천구,1,19,19
2020-05-26,노원구,1,19,19
2020-05-26,도봉구,1,19,19
2020-05-26,성동구,8,19,19
2020-05-26,은평구,2,19,19
2020-05-26,타시도,1,19,19
2020-05-27,강동구,1,40,25
2020-05-27,강북구,1,40,25
2020-05-27,강서구,4,40,25
2020-05-27,관악구,2,40,25
2020-05-27,광진구,1,40,25
2020-05-27,구로구,3,40,25
2020-05-27,마포구,1,40,25
2020-05-27,서대문구,1,40,25
2020-05-27,성동구,3,40,25
2020-05-27,송파구,1,40,25
2020-05-27,양천구,1,40,25
2020-05-27,영등포구,1,40,25
2020-05-27,은평구,2,40,25
2020-05-27,타시도,3,40,25
2020-05-28,강북구,1,79,19
2020-05-28,강서구,4,79,19
2020-05-28,금천구,1,79,19
2020-05-28,동작구,1,79,19
2020-05-28,마포구,2,79,19
2020-05-28,서대문구,2,79,19
2020-05-28,성동구,2,79,19
2020-05-28,송파구,1,79,19
2020-05-28,영등포구,2,79,19
2020-05-28,중구,1,79,19
2020-05-28,타시도,2,79,19
2020-05-29,강남구,2,58,9
2020-05-29,도봉구,1,58,9
2020-05-29,서대문구,1,58,9
2020-05-29,성동구,1,58,9
2020-05-29,성북구,1,58,9
2020-05-29,송파구,1,58,9
2020-05-29,은평구,1,58,9
2020-05-29,종로구,1,58,9
2020-05-30,강서구,2,39,6
2020-05-30,서대문구,1,39,6
2020-05-30,영등포구,3,39,6
2020-05-31,강남구,1,27,1
2020-06-01,강동구,1,35,14
2020-06-01,강서구,2,35,14
2020-06-01,관악구,1,35,14
2020-06-01,서대문구,1,35,14
2020-06-01,서초구,2,35,14
2020-06-01,송파구,1,35,14
2020-06-01,양천구,3,35,14
2020-06-01,영등포구,3,35,14
2020-06-02,강남구,1,38,20
2020-06-02,강동구,1,38,20
2020-06-02,강북구,2,38,20
2020-06-02,강서구,3,38,20
2020-06-02,구로구,2,38,20
2020-06-02,금천구,1,38,20
2020-06-02,서대문구,2,38,20
2020-06-02,성동구,1,38,20
2020-06-02,양천구,5,38,20
2020-06-02,타시도,2,38,20
2020-06-03,강남구,1,49,14
2020-06-03,강북구,1,49,14
2020-06-03,강서구,2,49,14
2020-06-03,관악구,1,49,14
2020-06-03,구로구,1,49,14
2020-06-03,금천구,2,49,14
2020-06-03,도봉구,1,49,14
2020-06-03,마포구,1,49,14
2020-06-03,양천구,1,49,14
2020-06-03,영등포구,1,49,14
2020-06-03,용산구,1,49,14
2020-06-03,타시도,1,49,14
2020-06-04,강남구,1,39,15
2020-06-04,강동구,2,39,15
2020-06-04,강서구,2,39,15
2020-06-04,구로구,2,39,15
2020-06-04,노원구,1,39,15
2020-06-04,도봉구,1,39,15
2020-06-04,마포구,1,39,15
2020-06-04,양천구,3,39,15
2020-06-04,용산구,1,39,15
2020-06-04,타시도,1,39,15
2020-06-05,강동구,3,39,27
2020-06-05,강북구,1,39,27
2020-06-05,강서구,1,39,27
2020-06-05,관악구,3,39,27
2020-06-05,구로구,3,39,27
2020-06-05,노원구,2,39,27
2020-06-05,도봉구,1,39,27
2020-06-05,동대문구,1,39,27
2020-06-05,성동구,1,39,27
2020-06-05,송파구,1,39,27
2020-06-05,양천구,4,39,27
2020-06-05,영등포구,1,39,27
2020-06-05,용산구,2,39,27
2020-06-05,은평구,2,39,27
2020-06-05,중랑구,1,39,27
2020-06-06,강북구,1,51,29
2020-06-06,강서구,2,51,29
2020-06-06,관악구,1,51,29
2020-06-06,구로구,4,51,29
2020-06-06,동작구,1,51,29
2020-06-06,마포구,1,51,29
2020-06-06,성동구,2,51,29
2020-06-06,양천구,8,51,29
2020-06-06,영등포구,1,51,29
2020-06-06,용산구,2,51,29
2020-06-06,은평구,2,51,29
2020-06-06,타시도,4,51,29
2020-06-07,강북구,1,57,15
2020-06-07,강서구,2,57,15
2020-06-07,구로구,3,57,15
2020-06-07,성동구,2,57,15
2020-06-07,양천구,5,57,15
2020-06-07,타시도,2,57,15
2020-06-08,강서구,3,38,18
2020-06-08,관악구,1,38,18
2020-06-08,구로구,9,38,18
2020-06-08,서대문구,1,38,18
2020-06-08,서초구,1,38,18
2020-06-08,양천구,1,38,18
2020-06-08,중랑구,1,38,18
2020-06-08,타시도,1,38,18
2020-06-09,관악구,2,38,14
2020-06-09,구로구,1,38,14
2020-06-09,금천구,1,38,14
2020-06-09,동작구,3,38,14
2020-06-09,마포구,1,38,14
2020-06-09,성동구,1,38,14
2020-06-09,양천구,2,38,14
2020-06-09,영등포구,1,38,14
2020-06-09,중구,1,38,14
2020-06-09,타시도,1,38,14
2020-06-10,관악구,1,50,19
2020-06-10,광진구,1,50,19
2020-06-10,구로구,2,50,19
2020-06-10,금천구,4,50,19
2020-06-10,노원구,1,50,19
2020-06-10,도봉구,1,50,19
2020-06-10,동작구,1,50,19
2020-06-10,서초구,1,50,19
2020-06-10,성북구,1,50,19
2020-06-10,송파구,1,50,19
2020-06-10,양천구,3,50,19
2020-06-10,은평구,1,50,19
2020-06-10,타시도,1,50,19
2020-06-11,강동구,1,45,25
2020-06-11,강서구,3,45,25
2020-06-11,관악구,5,45,25
2020-06-11,구로구,1,45,25
2020-06-11,금천구,3,45,25
2020-06-11,노원구,1,45,25
2020-06-11,도봉구,1,45,25
2020-06-11,서초구,1,45,25
2020-06-11,양천구,1,45,25
2020-06-11,영등포구,5,45,25
2020-06-11,은평구,1,45,25
2020-06-11,중랑구,2,45,25
2020-06-12,강동구,1,56,30
2020-06-12,강북구,2,56,30
2020-06-12,강서구,2,56,30
2020-06-12,관악구,1,56,30
2020-06-12,구로구,1,56,30
2020-06-12,금천구,1,56,30
2020-06-12,노원구,1,56,30
2020-06-12,도봉구,12,56,30
2020-06-12,성북구,1,56,30
2020-06-12,양천구,2,56,30
2020-06-12,영등포구,1,56,30
2020-06-12,용산구,1,56,30
2020-06-12,종로구,1,56,30
2020-06-12,중랑구,3,56,30
2020-06-13,강북구,1,48,12
2020-06-13,강서구,2,48,12
2020-06-13,관악구,2,48,12
2020-06-13,금천구,1,48,12
2020-06-13,서초구,1,48,12
2020-06-13,영등포구,2,48,12
2020-06-13,은평구,1,48,12
2020-06-13,종로구,1,48,12
2020-06-13,중랑구,1,48,12
2020-06-14,구로구,1,34,7
2020-06-14,도봉구,1,34,7
2020-06-14,서대문구,1,34,7
2020-06-14,서초구,1,34,7
2020-06-14,용산구,1,34,7
2020-06-14,은평구,1,34,7
2020-06-14,타시도,1,34,7
2020-06-15,구로구,4,36,11
2020-06-15,금천구,1,36,11
2020-06-15,도봉구,1,36,11
2020-06-15,동작구,1,36,11
2020-06-15,서대문구,1,36,11
2020-06-15,용산구,2,36,11
2020-06-15,은평구,1,36,11
2020-06-16,강남구,1,34,14
2020-06-16,관악구,2,34,14
2020-06-16,도봉구,2,34,14
2020-06-16,동작구,2,34,14
2020-06-16,마포구,1,34,14
2020-06-16,서초구,1,34,14
2020-06-16,송파구,1,34,14
2020-06-16,은평구,3,34,14
2020-06-16,중랑구,1,34,14
2020-06-17,강서구,2,43,24
2020-06-17,관악구,3,43,24
2020-06-17,구로구,1,43,24
2020-06-17,도봉구,11,43,24
2020-06-17,서초구,1,43,24
2020-06-17,영등포구,3,43,24
2020-06-17,은평구,2,43,24
2020-06-17,타시도,1,43,24
2020-06-18,강북구,1,59,18
2020-06-18,강서구,2,59,18
2020-06-18,관악구,1,59,18
2020-06-18,광진구,1,59,18
2020-06-18,도봉구,2,59,18
2020-06-18,마포구,1,59,18
2020-06-18,서대문구,1,59,18
2020-06-18,서초구,1,59,18
2020-06-18,성북구,1,59,18
2020-06-18,양천구,2,59,18
2020-06-18,영등포구,1,59,18
2020-06-18,은평구,1,59,18
2020-06-18,중구,1,59,18
2020-06-18,중랑구,1,59,18
2020-06-18,타시도,1,59,18
2020-06-19,강서구,1,49,16
2020-06-19,기타,1,49,16
2020-06-19,도봉구,2,49,16
2020-06-19,동대문구,1,49,16
2020-06-19,동작구,1,49,16
2020-06-19,마포구,1,49,16
2020-06-19,서대문구,1,49,16
2020-06-19,서초구,1,49,16
2020-06-19,양천구,2,49,16
2020-06-19,영등포구,2,49,16
2020-06-19,은평구,1,49,16
2020-06-19,중랑구,1,49,16
2020-06-19,타시도,1,49,16
2020-06-20,강서구,1,67,15
2020-06-20,관악구,1,67,15
2020-06-20,기타,1,67,15
2020-06-20,노원구,2,67,15
2020-06-20,도봉구,2,67,15
2020-06-20,동작구,1,67,15
2020-06-20,서초구,1,67,15
2020-06-20,성동구,2,67,15
2020-06-20,영등포구,3,67,15
2020-06-20,타시도,1,67,15
2020-06-21,강서구,1,48,8
2020-06-21,구로구,4,48,8
2020-06-21,도봉구,1,48,8
2020-06-21,성북구,1,48,8
2020-06-21,송파구,1,48,8
2020-06-22,강남구,1,17,4
2020-06-22,강동구,2,17,4
2020-06-22,강서구,1,17,4
2020-06-23,관악구,4,46,10
2020-06-23,구로구,1,46,10
2020-06-23,도봉구,3,46,10
2020-06-23,영등포구,1,46,10
2020-06-23,중랑구,1,46,10
2020-06-24,강남구,1,51,9
2020-06-24,관악구,2,51,9
2020-06-24,구로구,1,51,9
2020-06-24,금천구,1,51,9
2020-06-24,노원구,1,51,9
2020-06-24,도봉구,1,51,9
2020-06-24,종로구,1,51,9
2020-06-24,타시도,1,51,9
2020-06-25,강서구,1,28,17
2020-06-25,관악구,11,28,17
2020-06-25,구로구,1,28,17
2020-06-25,노원구,1,28,17
2020-06-25,동작구,1,28,17
2020-06-25,중랑구,1,28,17
2020-06-25,타시도,1,28,17
2020-06-26,관악구,7,39,17
2020-06-26,광진구,1,39,17
2020-06-26,구로구,1,39,17
2020-06-26,노원구,1,39,17
2020-06-26,동대문구,1,39,17
2020-06-26,동작구,2,39,17
2020-06-26,서초구,1,39,17
2020-06-26,은평구,1,39,17
2020-06-26,중구,1,39,17
2020-06-26,중랑구,1,39,17
2020-06-27,강남구,1,51,14
2020-06-27,관악구,5,51,14
2020-06-27,구로구,1,51,14
2020-06-27,동대문구,1,51,14
2020-06-27,마포구,1,51,14
2020-06-27,송파구,1,51,14
2020-06-27,양천구,1,51,14
2020-06-27,영등포구,2,51,14
2020-06-27,용산구,1,51,14
2020-06-28,관악구,1,62,7
2020-06-28,구로구,1,62,7
2020-06-28,노원구,1,62,7
2020-06-28,서초구,1,62,7
2020-06-28,송파구,1,62,7
2020-06-28,용산구,1,62,7
2020-06-28,타시도,1,62,7
2020-06-29,금천구,1,42,8
2020-06-29,노원구,1,42,8
2020-06-29,마포구,3,42,8
2020-06-29,은평구,1,42,8
2020-06-29,타시도,2,42,8
2020-06-30,관악구,4,43,9
2020-06-30,금천구,1,43,9
2020-06-30,마포구,1,43,9
2020-06-30,서초구,1,43,9
2020-06-30,영등포구,2,43,9
2020-07-01,강동구,2,50,13
2020-07-01,관악구,7,50,13
2020-07-01,동대문구,1,50,13
2020-07-01,동작구,1,50,13
2020-07-01,은평구,1,50,13
2020-07-01,중랑구,1,50,13
2020-07-02,강남구,1,54,11
2020-07-02,강동구,1,54,11
2020-07-02,관악구,1,54,11
2020-07-02,금천구,1,54,11
2020-07-02,노원구,1,54,11
2020-07-02,동작구,1,54,11
2020-07-02,마포구,1,54,11
2020-07-02,서초구,1,54,11
2020-07-02,성동구,1,54,11
2020-07-02,성북구,1,54,11
2020-07-02,타시도,1,54,11
2020-07-03,관악구,2,63,7
2020-07-03,구로구,1,63,7
2020-07-03,영등포구,1,63,7
2020-07-03,용산구,1,63,7
2020-07-03,종로구,1,63,7
2020-07-03,중랑구,1,63,7
2020-07-04,강남구,1,63,16
2020-07-04,관악구,2,63,16
2020-07-04,노원구,1,63,16
2020-07-04,동작구,2,63,16
2020-07-04,마포구,1,63,16
2020-07-04,서초구,1,63,16
2020-07-04,송파구,1,63,16
2020-07-04,영등포구,1,63,16
2020-07-04,중구,1,63,16
2020-07-04,중랑구,5,63,16
2020-07-05,관악구,1,61,3
2020-07-05,서대문구,1,61,3
2020-07-05,영등포구,1,61,3
2020-07-06,강서구,1,46,3
2020-07-06,중랑구,1,46,3
2020-07-06,타시도,1,46,3
2020-07-07,관악구,1,44,10
2020-07-07,광진구,1,44,10
2020-07-07,노원구,2,44,10
2020-07-07,마포구,4,44,10
2020-07-07,서대문구,1,44,10
2020-07-07,중랑구,1,44,10
2020-07-08,광진구,1,63,8
2020-07-08,구로구,1,63,8
2020-07-08,노원구,1,63,8
2020-07-08,동작구,2,63,8
2020-07-08,서대문구,1,63,8
2020-07-08,중구,1,63,8
2020-07-08,중랑구,1,63,8
2020-07-09,강남구,2,49,8
2020-07-09,강동구,1,49,8
2020-07-09,강서구,1,49,8
2020-07-09,동작구,1,49,8
2020-07-09,성북구,2,49,8
2020-07-09,타시도,1,49,8
2020-07-10,강남구,1,45,8
2020-07-10,강서구,1,45,8
2020-07-10,동대문구,1,45,8
2020-07-10,성북구,1,45,8
2020-07-10,영등포구,1,45,8
2020-07-10,용산구,1,45,8
2020-07-10,타시도,2,45,8
2020-07-11,강남구,1,35,7
2020-07-11,강동구,2,35,7
2020-07-11,동작구,1,35,7
2020-07-11,성동구,1,35,7
2020-07-11,영등포구,1,35,7
2020-07-11,중랑구,1,35,7
2020-07-12,강동구,3,44,13
2020-07-12,관악구,2,44,13
2020-07-12,노원구,1,44,13
2020-07-12,동대문구,1,44,13
2020-07-12,동작구,1,44,13
2020-07-12,마포구,2,44,13
2020-07-12,서초구,1,44,13
2020-07-12,성북구,1,44,13
2020-07-12,타시도,1,44,13
2020-07-13,강남구,2,62,7
2020-07-13,금천구,1,62,7
2020-07-13,동작구,1,62,7
2020-07-13,송파구,1,62,7
2020-07-13,은평구,1,62,7
2020-07-13,종로구,1,62,7
2020-07-14,강동구,1,33,6
2020-07-14,금천구,1,33,6
2020-07-14,동작구,2,33,6
2020-07-14,송파구,1,33,6
2020-07-14,종로구,1,33,6
2020-07-15,강동구,1,39,7
2020-07-15,강북구,1,39,7
2020-07-15,관악구,1,39,7
2020-07-15,구로구,1,39,7
2020-07-15,송파구,2,39,7
2020-07-15,중구,1,39,7
2020-07-16,관악구,1,61,9
2020-07-16,광진구,1,61,9
2020-07-16,도봉구,1,61,9
2020-07-16,서대문구,1,61,9
2020-07-16,송파구,3,61,9
2020-07-16,용산구,1,61,9
2020-07-16,중구,1,61,9
2020-07-17,강남구,1,60,6
2020-07-17,마포구,1,60,6
2020-07-17,성동구,1,60,6
2020-07-17,송파구,2,60,6
2020-07-17,은평구,1,60,6
2020-07-18,강남구,1,39,10
2020-07-18,관악구,2,39,10
2020-07-18,금천구,2,39,10
2020-07-18,성동구,1,39,10
2020-07-18,송파구,3,39,10
2020-07-18,은평구,1,39,10
2020-07-19,강서구,1,34,3
2020-07-19,서대문구,1,34,3
2020-07-19,성북구,1,34,3
2020-07-20,강동구,1,26,21
2020-07-20,강서구,10,26,21
2020-07-20,광진구,1,26,21
2020-07-20,금천구,1,26,21
2020-07-20,서대문구,1,26,21
2020-07-20,성동구,2,26,21
2020-07-20,성북구,1,26,21
2020-07-20,송파구,1,26,21
2020-07-20,은평구,1,26,21
2020-07-20,종로구,1,26,21
2020-07-20,중구,1,26,21
2020-07-21,강서구,3,45,17
2020-07-21,광진구,1,45,17
2020-07-21,동대문구,1,45,17
2020-07-21,동작구,1,45,17
2020-07-21,성동구,1,45,17
2020-07-21,송파구,5,45,17
2020-07-21,은평구,3,45,17
2020-07-21,종로구,1,45,17
2020-07-21,중구,1,45,17
2020-07-22,강남구,3,63,11
2020-07-22,동대문구,1,63,11
2020-07-22,동작구,2,63,11
2020-07-22,송파구,5,63,11
2020-07-23,강서구,2,59,21
2020-07-23,관악구,1,59,21
2020-07-23,구로구,1,59,21
2020-07-23,도봉구,1,59,21
2020-07-23,동작구,1,59,21
2020-07-23,성동구,1,59,21
2020-07-23,송파구,11,59,21
2020-07-23,영등포구,1,59,21
2020-07-23,타시도,2,59,21
2020-07-24,강서구,4,41,11
2020-07-24,금천구,1,41,11
2020-07-24,동작구,1,41,11
2020-07-24,송파구,3,41,11
2020-07-24,은평구,2,41,11
2020-07-25,기타,2,113,7
2020-07-25,동대문구,1,113,7
2020-07-25,마포구,1,113,7
2020-07-25,서초구,1,113,7
2020-07-25,송파구,2,113,7
2020-07-26,강남구,1,58,9
2020-07-26,강동구,1,58,9
2020-07-26,강서구,1,58,9
2020-07-26,관악구,1,58,9
2020-07-26,마포구,1,58,9
2020-07-26,송파구,1,58,9
2020-07-26,용산구,1,58,9
2020-07-26,종로구,1,58,9
2020-07-26,중구,1,58,9
2020-07-27,강북구,1,25,6
2020-07-27,관악구,1,25,6
2020-07-27,기타,2,25,6
2020-07-27,마포구,1,25,6
2020-07-27,타시도,1,25,6
2020-07-28,강북구,2,28,9
2020-07-28,관악구,1,28,9
2020-07-28,마포구,1,28,9
2020-07-28,성북구,1,28,9
2020-07-28,송파구,2,28,9
2020-07-28,영등포구,1,28,9
2020-07-28,중구,1,28,9
2020-07-29,관악구,1,48,3
2020-07-29,구로구,1,48,3
2020-07-29,성북구,1,48,3
2020-07-30,강남구,1,18,9
2020-07-30,강동구,1,18,9
2020-07-30,강서구,1,18,9
2020-07-30,관악구,2,18,9
2020-07-30,서초구,2,18,9
2020-07-30,송파구,1,18,9
2020-07-30,은평구,1,18,9
2020-07-31,마포구,1,36,2
2020-07-31,서초구,1,36,2
2020-08-01,강서구,2,31,4
2020-08-01,양천구,1,31,4
2020-08-01,종로구,1,31,4
2020-08-02,강서구,1,30,5
2020-08-02,동대문구,1,30,5
2020-08-02,성북구,1,30,5
2020-08-02,용산구,1,30,5
2020-08-02,타시도,1,30,5
2020-08-03,강서구,2,23,9
2020-08-03,관악구,1,23,9
2020-08-03,도봉구,1,23,9
2020-08-03,마포구,1,23,9
2020-08-03,성북구,1,23,9
2020-08-03,송파구,1,23,9
2020-08-03,중구,2,23,9
2020-08-04,도봉구,1,34,6
2020-08-04,성북구,1,34,6
2020-08-04,송파구,1,34,6
2020-08-04,영등포구,1,34,6
2020-08-04,은평구,2,34,6
2020-08-05,동대문구,1,33,9
2020-08-05,서초구,2,33,9
2020-08-05,성동구,2,33,9
2020-08-05,용산구,2,33,9
2020-08-05,타시도,2,33,9
2020-08-06,도봉구,2,43,9
2020-08-06,마포구,2,43,9
2020-08-06,성동구,1,43,9
2020-08-06,성북구,1,43,9
2020-08-06,용산구,2,43,9
2020-08-06,타시도,1,43,9
2020-08-07,강남구,3,20,17
2020-08-07,강서구,1,20,17
2020-08-07,도봉구,1,20,17
2020-08-07,동작구,2,20,17
2020-08-07,마포구,1,20,17
2020-08-07,서초구,2,20,17
2020-08-07,성동구,1,20,17
2020-08-07,성북구,2,20,17
2020-08-07,영등포구,1,20,17
2020-08-07,용산구,1,20,17
2020-08-07,타시도,2,20,17
2020-08-08,광진구,1,43,13
2020-08-08,기타,1,43,13
2020-08-08,도봉구,1,43,13
2020-08-08,마포구,1,43,13
2020-08-08,서대문구,1,43,13
2020-08-08,성북구,3,43,13
2020-08-08,은평구,1,43,13
2020-08-08,종로구,1,43,13
2020-08-08,타시도,3,43,13
2020-08-09,관악구,1,36,13
2020-08-09,광진구,1,36,13
2020-08-09,구로구,2,36,13
2020-08-09,노원구,1,36,13
2020-08-09,동대문구,1,36,13
2020-08-09,마포구,1,36,13
2020-08-09,서대문구,1,36,13
2020-08-09,송파구,1,36,13
2020-08-09,용산구,1,36,13
2020-08-09,은평구,1,36,13
2020-08-09,중구,1,36,13
2020-08-09,타시도,1,36,13
2020-08-10,동작구,1,28,6
2020-08-10,서초구,1,28,6
2020-08-10,양천구,2,28,6
2020-08-10,영등포구,1,28,6
2020-08-10,타시도,1,28,6
2020-08-11,강남구,1,34,15
2020-08-11,강북구,1,34,15
2020-08-11,관악구,1,34,15
2020-08-11,기타,2,34,15
2020-08-11,도봉구,1,34,15
2020-08-11,동작구,2,34,15
2020-08-11,서초구,1,34,15
2020-08-11,성동구,1,34,15
2020-08-11,영등포구,1,34,15
2020-08-11,은평구,3,34,15
2020-08-11,타시도,1,34,15
2020-08-12,강서구,3,54,26
2020-08-12,관악구,1,54,26
2020-08-12,광진구,2,54,26
2020-08-12,기타,2,54,26
2020-08-12,노원구,1,54,26
2020-08-12,서초구,2,54,26
2020-08-12,성동구,1,54,26
2020-08-12,성북구,2,54,26
2020-08-12,양천구,2,54,26
2020-08-12,용산구,1,54,26
2020-08-12,은평구,4,54,26
2020-08-12,종로구,1,54,26
2020-08-12,중구,2,54,26
2020-08-12,타시도,2,54,26
2020-08-13,강북구,1,56,33
2020-08-13,강서구,2,56,33
2020-08-13,관악구,1,56,33
2020-08-13,광진구,6,56,33
2020-08-13,기타,1,56,33
2020-08-13,도봉구,1,56,33
2020-08-13,동대문구,2,56,33
2020-08-13,동작구,2,56,33
2020-08-13,서대문구,1,56,33
2020-08-13,서초구,4,56,33
2020-08-13,성북구,7,56,33
2020-08-13,양천구,1,56,33
2020-08-13,은평구,2,56,33
2020-08-13,중구,1,56,33
2020-08-13,중랑구,1,56,33
2020-08-14,강남구,5,103,73
2020-08-14,강동구,5,103,73
2020-08-14,강서구,2,103,73
2020-08-14,관악구,2,103,73
2020-08-14,광진구,1,103,73
2020-08-14,노원구,4,103,73
2020-08-14,도봉구,1,103,73
2020-08-14,동대문구,3,103,73
2020-08-14,동작구,2,103,73
2020-08-14,마포구,6,103,73
2020-08-14,서대문구,3,103,73
2020-08-14,서초구,8,103,73
2020-08-14,성동구,1,103,73
2020-08-14,성북구,16,103,73
2020-08-14,송파구,6,103,73
2020-08-14,양천구,1,103,73
2020-08-14,영등포구,2,103,73
2020-08-14,용산구,1,103,73
2020-08-14,은평구,1,103,73
2020-08-14,중구,1,103,73
2020-08-14,중랑구,1,103,73
2020-08-14,타시도,1,103,73
2020-08-15,강남구,3,166,146
2020-08-15,강동구,2,166,146
2020-08-15,강북구,9,166,146
2020-08-15,강서구,6,166,146
2020-08-15,관악구,6,166,146
2020-08-15,광진구,7,166,146
2020-08-15,금천구,3,166,146
2020-08-15,기타,5,166,146
2020-08-15,노원구,13,166,146
2020-08-15,도봉구,8,166,146
2020-08-15,동대문구,7,166,146
2020-08-15,동작구,1,166,146
2020-08-15,서대문구,1,166,146
2020-08-15,서초구,2,166,146
2020-08-15,성동구,1,166,146
2020-08-15,성북구,38,166,146
2020-08-15,송파구,6,166,146
2020-08-15,양천구,2,166,146
2020-08-15,영등포구,2,166,146
2020-08-15,용산구,4,166,146
2020-08-15,은평구,5,166,146
2020-08-15,중랑구,8,166,146
2020-08-15,타시도,7,166,146
2020-08-16,강남구,1,279,91
2020-08-16,강동구,5,279,91
2020-08-16,강북구,2,279,91
2020-08-16,강서구,5,279,91
2020-08-16,광진구,3,279,91
2020-08-16,기타,2,279,91
2020-08-16,노원구,14,279,91
2020-08-16,도봉구,4,279,91
2020-08-16,동대문구,4,279,91
2020-08-16,동작구,1,279,91
2020-08-16,마포구,4,279,91
2020-08-16,성동구,1,279,91
2020-08-16,성북구,19,279,91
2020-08-16,송파구,9,279,91
2020-08-16,양천구,1,279,91
2020-08-16,용산구,3,279,91
2020-08-16,은평구,2,279,91
2020-08-16,종로구,2,279,91
2020-08-16,중구,1,279,91
2020-08-16,중랑구,5,279,91
2020-08-16,타시도,3,279,91
2020-08-17,강남구,2,197,132
2020-08-17,강동구,5,197,132
2020-08-17,강북구,8,197,132
2020-08-17,강서구,4,197,132
2020-08-17,관악구,2,197,132
2020-08-17,광진구,4,197,132
2020-08-17,구로구,2,197,132
2020-08-17,금천구,1,197,132
2020-08-17,노원구,12,197,132
2020-08-17,도봉구,3,197,132
2020-08-17,동대문구,6,197,132
2020-08-17,동작구,11,197,132
2020-08-17,마포구,3,197,132
2020-08-17,서대문구,1,197,132
2020-08-17,서초구,1,197,132
2020-08-17,성북구,22,197,132
2020-08-17,송파구,10,197,132
2020-08-17,양천구,3,197,132
2020-08-17,영등포구,1,197,132
2020-08-17,은평구,5,197,132
2020-08-17,중구,1,197,132
2020-08-17,중랑구,9,197,132
2020-08-17,타시도,16,197,132
2020-08-18,강남구,6,246,151
2020-08-18,강동구,8,246,151
2020-08-18,강북구,8,246,151
2020-08-18,강서구,2,246,151
2020-08-18,관악구,6,246,151
2020-08-18,광진구,3,246,151
2020-08-18,구로구,6,246,151
2020-08-18,금천구,1,246,151
2020-08-18,기타,1,246,151
2020-08-18,노원구,9,246,151
2020-08-18,도봉구,4,246,151
2020-08-18,동대문구,5,246,151
2020-08-18,동작구,4,246,151
2020-08-18,마포구,8,246,151
2020-08-18,서대문구,3,246,151
2020-08-18,서초구,6,246,151
2020-08-18,성동구,2,246,151
2020-08-18,성북구,20,246,151
2020-08-18,송파구,11,246,151
2020-08-18,양천구,4,246,151
2020-08-18,영등포구,3,246,151
2020-08-18,용산구,4,246,151
2020-08-18,은평구,5,246,151
2020-08-18,종로구,4,246,151
2020-08-18,중구,2,246,151
2020-08-18,중랑구,9,246,151
2020-08-18,타시도,7,246,151
2020-08-19,강남구,5,297,135
2020-08-19,강동구,15,297,135
2020-08-19,강북구,9,297,135
2020-08-19,강서구,4,297,135
2020-08-19,관악구,3,297,135
2020-08-19,광진구,2,297,135
2020-08-19,구로구,2,297,135
2020-08-19,노원구,9,297,135
2020-08-19,도봉구,2,297,135
2020-08-19,동대문구,6,297,135
2020-08-19,동작구,4,297,135
2020-08-19,마포구,2,297,135
2020-08-19,서대문구,4,297,135
2020-08-19,서초구,3,297,135
2020-08-19,성북구,17,297,135
2020-08-19,송파구,14,297,135
2020-08-19,양천구,2,297,135
2020-08-19,영등포구,2,297,135
2020-08-19,은평구,11,297,135
2020-08-19,종로구,4,297,135
2020-08-19,중랑구,4,297,135
2020-08-19,타시도,11,297,135
2020-08-20,강남구,5,288,126
2020-08-20,강동구,2,288,126
2020-08-20,강북구,2,288,126
2020-08-20,강서구,14,288,126
2020-08-20,관악구,3,288,126
2020-08-20,광진구,3,288,126
2020-08-20,구로구,5,288,126
2020-08-20,금천구,2,288,126
2020-08-20,노원구,6,288,126
2020-08-20,도봉구,6,288,126
2020-08-20,동대문구,7,288,126
2020-08-20,동작구,2,288,126
2020-08-20,마포구,2,288,126
2020-08-20,서초구,6,288,126
2020-08-20,성동구,4,288,126
2020-08-20,성북구,10,288,126
2020-08-20,송파구,12,288,126
2020-08-20,양천구,2,288,126
2020-08-20,영등포구,1,288,126
2020-08-20,용산구,2,288,126
2020-08-20,은평구,10,288,126
2020-08-20,종로구,3,288,126
2020-08-20,중구,4,288,126
2020-08-20,중랑구,7,288,126
2020-08-20,타시도,6,288,126
2020-08-21,강남구,5,324,128
2020-08-21,강동구,5,324,128
2020-08-21,강북구,6,324,128
2020-08-21,강서구,7,324,128
2020-08-21,관악구,4,324,128
2020-08-21,광진구,7,324,128
2020-08-21,구로구,8,324,128
2020-08-21,금천구,2,324,128
2020-08-21,기타,1,324,128
2020-08-21,노원구,3,324,128
2020-08-21,도봉구,1,324,128
2020-08-21,동대문구,6,324,128
2020-08-21,동작구,4,324,128
2020-08-21,마포구,8,324,128
2020-08-21,서대문구,6,324,128
2020-08-21,서초구,4,324,128
2020-08-21,성동구,3,324,128
2020-08-21,성북구,7,324,128
2020-08-21,송파구,12,324,128
2020-08-21,양천구,7,324,128
2020-08-21,영등포구,1,324,128
2020-08-21,용산구,2,324,128
2020-08-21,은평구,8,324,128
2020-08-21,종로구,2,324,128
2020-08-21,중구,2,324,128
2020-08-21,중랑구,2,324,128
2020-08-21,타시도,5,324,128
2020-08-22,강남구,7,332,143
2020-08-22,강동구,12,332,143
2020-08-22,강북구,4,332,143
2020-08-22,강서구,5,332,143
2020-08-22,관악구,5,332,143
2020-08-22,광진구,2,332,143
2020-08-22,구로구,2,332,143
2020-08-22,금천구,1,332,143
2020-08-22,노원구,15,332,143
2020-08-22,도봉구,3,332,143
2020-08-22,동대문구,3,332,143
2020-08-22,동작구,9,332,143
2020-08-22,마포구,4,332,143
2020-08-22,서대문구,1,332,143
2020-08-22,서초구,7,332,143
2020-08-22,성동구,1,332,143
2020-08-22,성북구,14,332,143
2020-08-22,송파구,5,332,143
2020-08-22,양천구,5,332,143
2020-08-22,영등포구,6,332,143
2020-08-22,용산구,4,332,143
2020-08-22,은평구,11,332,143
2020-08-22,종로구,1,332,143
2020-08-22,중구,1,332,143
2020-08-22,중랑구,5,332,143
2020-08-22,타시도,10,332,143
2020-08-23,강남구,5,397,98
2020-08-23,강동구,4,397,98
2020-08-23,강북구,2,397,98
2020-08-23,강서구,6,397,98
2020-08-23,관악구,3,397,98
2020-08-23,광진구,1,397,98
2020-08-23,구로구,4,397,98
2020-08-23,금천구,3,397,98
2020-08-23,노원구,3,397,98
2020-08-23,동대문구,4,397,98
2020-08-23,동작구,1,397,98
2020-08-23,마포구,3,397,98
2020-08-23,서대문구,2,397,98
2020-08-23,서초구,1,397,98
2020-08-23,성동구,2,397,98
2020-08-23,성북구,8,397,98
2020-08-23,송파구,5,397,98
2020-08-23,양천구,10,397,98
2020-08-23,영등포구,3,397,98
2020-08-23,용산구,5,397,98
2020-08-23,은평구,6,397,98
2020-08-23,종로구,2,397,98
2020-08-23,중구,3,397,98
2020-08-23,중랑구,8,397,98
2020-08-23,타시도,4,397,98
2020-08-24,강남구,5,266,136
2020-08-24,강동구,7,266,136
2020-08-24,강북구,2,266,136
2020-08-24,강서구,3,266,136
2020-08-24,관악구,8,266,136
2020-08-24,광진구,6,266,136
2020-08-24,구로구,2,266,136
2020-08-24,금천구,2,266,136
2020-08-24,노원구,14,266,136
2020-08-24,도봉구,6,266,136
2020-08-24,동대문구,3,266,136
2020-08-24,동작구,1,266,136
2020-08-24,마포구,1,266,136
2020-08-24,서대문구,4,266,136
2020-08-24,서초구,5,266,136
2020-08-24,성동구,2,266,136
2020-08-24,성북구,11,266,136
2020-08-24,송파구,7,266,136
2020-08-24,양천구,6,266,136
2020-08-24,영등포구,4,266,136
2020-08-24,용산구,3,266,136
2020-08-24,은평구,6,266,136
2020-08-24,종로구,1,266,136
2020-08-24,중랑구,13,266,136
2020-08-24,타시도,14,266,136
2020-08-25,강남구,6,280,116
2020-08-25,강동구,8,280,116
2020-08-25,강북구,4,280,116
2020-08-25,강서구,10,280,116
2020-08-25,관악구,9,280,116
2020-08-25,광진구,4,280,116
2020-08-25,구로구,2,280,116
2020-08-25,기타,2,280,116
2020-08-25,노원구,4,280,116
2020-08-25,도봉구,1,280,116
2020-08-25,동대문구,3,280,116
2020-08-25,동작구,3,280,116
2020-08-25,마포구,7,280,116
2020-08-25,서대문구,1,280,116
2020-08-25,서초구,5,280,116
2020-08-25,성동구,1,280,116
2020-08-25,성북구,3,280,116
2020-08-25,송파구,6,280,116
2020-08-25,양천구,5,280,116
2020-08-25,영등포구,9,280,116
2020-08-25,용산구,2,280,116
2020-08-25,은평구,6,280,116
2020-08-25,종로구,4,280,116
2020-08-25,중구,1,280,116
2020-08-25,중랑구,5,280,116
2020-08-25,타시도,5,280,116
2020-08-26,강남구,3,320,157
2020-08-26,강동구,2,320,157
2020-08-26,강북구,2,320,157
2020-08-26,강서구,12,320,157
2020-08-26,관악구,6,320,157
2020-08-26,광진구,4,320,157
2020-08-26,구로구,9,320,157
2020-08-26,금천구,10,320,157
2020-08-26,노원구,24,320,157
2020-08-26,도봉구,1,320,157
2020-08-26,동대문구,1,320,157
2020-08-26,동작구,7,320,157
2020-08-26,마포구,4,320,157
2020-08-26,서대문구,9,320,157
2020-08-26,서초구,2,320,157
2020-08-26,성동구,4,320,157
2020-08-26,성북구,11,320,157
2020-08-26,송파구,9,320,157
2020-08-26,양천구,5,320,157
2020-08-26,영등포구,5,320,157
2020-08-26,용산구,3,320,157
2020-08-26,은평구,7,320,157
2020-08-26,종로구,2,320,157
2020-08-26,중구,1,320,157
2020-08-26,중랑구,4,320,157
2020-08-26,타시도,10,320,157
2020-08-27,강남구,4,441,160
2020-08-27,강동구,7,441,160
2020-08-27,강북구,7,441,160
2020-08-27,강서구,4,441,160
2020-08-27,관악구,14,441,160
2020-08-27,광진구,4,441,160
2020-08-27,구로구,7,441,160
2020-08-27,금천구,1,441,160
2020-08-27,기타,1,441,160
2020-08-27,노원구,16,441,160
2020-08-27,도봉구,5,441,160
2020-08-27,동대문구,2,441,160
2020-08-27,동작구,8,441,160
2020-08-27,마포구,12,441,160
2020-08-27,서대문구,2,441,160
2020-08-27,서초구,3,441,160
2020-08-27,성북구,7,441,160
2020-08-27,송파구,16,441,160
2020-08-27,양천구,3,441,160
2020-08-27,영등포구,7,441,160
2020-08-27,용산구,4,441,160
2020-08-27,은평구,9,441,160
2020-08-27,종로구,3,441,160
2020-08-27,중구,2,441,160
2020-08-27,중랑구,4,441,160
2020-08-27,타시도,8,441,160
2020-08-28,강남구,4,371,118
2020-08-28,강동구,2,371,118
2020-08-28,강북구,4,371,118
2020-08-28,강서구,4,371,118
2020-08-28,관악구,10,371,118
2020-08-28,광진구,5,371,118
2020-08-28,구로구,2,371,118
2020-08-28,금천구,3,371,118
2020-08-28,노원구,7,371,118
2020-08-28,도봉구,6,371,118
2020-08-28,동대문구,2,371,118
2020-08-28,동작구,12,371,118
2020-08-28,마포구,2,371,118
2020-08-28,서대문구,5,371,118
2020-08-28,서초구,6,371,118
2020-08-28,성북구,6,371,118
2020-08-28,송파구,14,371,118
2020-08-28,양천구,3,371,118
2020-08-28,영등포구,5,371,118
2020-08-28,용산구,1,371,118
2020-08-28,은평구,1,371,118
2020-08-28,중구,3,371,118
2020-08-28,중랑구,4,371,118
2020-08-28,타시도,7,371,118
2020-08-29,강남구,4,323,167
2020-08-29,강동구,1,323,167
2020-08-29,강북구,3,323,167
2020-08-29,강서구,6,323,167
2020-08-29,관악구,8,323,167
2020-08-29,광진구,6,323,167
2020-08-29,구로구,6,323,167
2020-08-29,금천구,2,323,167
2020-08-29,기타,5,323,167
2020-08-29,노원구,18,323,167
2020-08-29,도봉구,2,323,167
2020-08-29,동대문구,6,323,167
2020-08-29,동작구,16,323,167
2020-08-29,마포구,3,323,167
2020-08-29,서대문구,5,323,167
2020-08-29,서초구,3,323,167
2020-08-29,성동구,2,323,167
2020-08-29,성북구,7,323,167
2020-08-29,송파구,12,323,167
2020-08-29,양천구,8,323,167
2020-08-29,영등포구,13,323,167
2020-08-29,은평구,9,323,167
2020-08-29,종로구,4,323,167
2020-08-29,중구,2,323,167
2020-08-29,중랑구,7,323,167
2020-08-29,타시도,9,323,167
2020-08-30,강남구,3,299,70
2020-08-30,강동구,2,299,70
2020-08-30,강북구,4,299,70
2020-08-30,강서구,4,299,70
2020-08-30,관악구,5,299,70
2020-08-30,광진구,2,299,70
2020-08-30,구로구,1,299,70
2020-08-30,금천구,2,299,70
2020-08-30,기타,1,299,70
2020-08-30,노원구,7,299,70
2020-08-30,도봉구,7,299,70
2020-08-30,동대문구,2,299,70
2020-08-30,동작구,13,299,70
2020-08-30,마포구,1,299,70
2020-08-30,서대문구,1,299,70
2020-08-30,성동구,1,299,70
2020-08-30,성북구,4,299,70
2020-08-30,송파구,1,299,70
2020-08-30,양천구,1,299,70
2020-08-30,은평구,3,299,70
2020-08-30,중구,1,299,70
2020-08-30,중랑구,2,299,70
2020-08-30,타시도,2,299,70
2020-08-31,강남구,12,248,104
2020-08-31,강동구,2,248,104
2020-08-31,강북구,7,248,104
2020-08-31,강서구,7,248,104
2020-08-31,관악구,10,248,104
2020-08-31,금천구,1,248,104
2020-08-31,기타,1,248,104
2020-08-31,노원구,11,248,104
2020-08-31,도봉구,5,248,104
2020-08-31,동대문구,1,248,104
2020-08-31,동작구,4,248,104
2020-08-31,마포구,3,248,104
2020-08-31,서대문구,1,248,104
2020-08-31,서초구,5,248,104
2020-08-31,성동구,2,248,104
2020-08-31,성북구,6,248,104
2020-08-31,송파구,3,248,104
2020-08-31,양천구,6,248,104
2020-08-31,용산구,2,248,104
2020-08-31,은평구,3,248,104
2020-08-31,종로구,2,248,104
2020-08-31,중랑구,6,248,104
2020-08-31,타시도,4,248,104
2020-09-01,강남구,9,235,87
2020-09-01,강동구,4,235,87
2020-09-01,강북구,6,235,87
2020-09-01,강서구,5,235,87
2020-09-01,관악구,6,235,87
2020-09-01,광진구,4,235,87
2020-09-01,금천구,1,235,87
2020-09-01,노원구,4,235,87
2020-09-01,도봉구,3,235,87
2020-09-01,동대문구,5,235,87
2020-09-01,마포구,1,235,87
2020-09-01,서대문구,3,235,87
2020-09-01,서초구,4,235,87
2020-09-01,성동구,2,235,87
2020-09-01,성북구,4,235,87
2020-09-01,송파구,1,235,87
2020-09-01,양천구,2,235,87
2020-09-01,영등포구,3,235,87
2020-09-01,용산구,1,235,87
2020-09-01,은평구,7,235,87
2020-09-01,종로구,2,235,87
2020-09-01,중랑구,6,235,87
2020-09-01,타시도,4,235,87
2020-09-02,강남구,3,267,64
2020-09-02,강동구,7,267,64
2020-09-02,강북구,2,267,64
2020-09-02,강서구,4,267,64
2020-09-02,관악구,10,267,64
2020-09-02,광진구,2,267,64
2020-09-02,구로구,1,267,64
2020-09-02,노원구,5,267,64
2020-09-02,도봉구,1,267,64
2020-09-02,동대문구,1,267,64
2020-09-02,동작구,2,267,64
2020-09-02,마포구,2,267,64
2020-09-02,서초구,2,267,64
2020-09-02,성동구,1,267,64
2020-09-02,성북구,2,267,64
2020-09-02,송파구,2,267,64
2020-09-02,양천구,1,267,64
2020-09-02,영등포구,4,267,64
2020-09-02,용산구,2,267,64
2020-09-02,은평구,3,267,64
2020-09-02,중구,2,267,64
2020-09-02,중랑구,2,267,64
2020-09-02,타시도,3,267,64
2020-09-03,강남구,4,195,46
2020-09-03,강동구,3,195,46
2020-09-03,강서구,1,195,46
2020-09-03,관악구,5,195,46
2020-09-03,광진구,4,195,46
2020-09-03,노원구,3,195,46
2020-09-03,도봉구,2,195,46
2020-09-03,동대문구,1,195,46
2020-09-03,마포구,1,195,46
2020-09-03,서대문구,1,195,46
2020-09-03,서초구,5,195,46
2020-09-03,성동구,2,195,46
2020-09-03,성북구,1,195,46
2020-09-03,양천구,1,195,46
2020-09-03,은평구,1,195,46
2020-09-03,중랑구,6,195,46
2020-09-03,타시도,5,195,46
2020-09-04,강남구,4,198,55
2020-09-04,강동구,1,198,55
2020-09-04,관악구,2,198,55
2020-09-04,광진구,5,198,55
2020-09-04,금천구,1,198,55
2020-09-04,노원구,2,198,55
2020-09-04,도봉구,2,198,55
2020-09-04,동대문구,1,198,55
2020-09-04,마포구,4,198,55
2020-09-04,서대문구,3,198,55
2020-09-04,서초구,2,198,55
2020-09-04,성동구,5,198,55
2020-09-04,성북구,2,198,55
2020-09-04,송파구,6,198,55
2020-09-04,영등포구,1,198,55
2020-09-04,용산구,2,198,55
2020-09-04,은평구,3,198,55
2020-09-04,중구,1,198,55
2020-09-04,중랑구,4,198,55
2020-09-04,타시도,4,198,55
2020-09-05,강남구,4,168,58
2020-09-05,강동구,7,168,58
2020-09-05,강북구,2,168,58
2020-09-05,강서구,3,168,58
2020-09-05,관악구,4,168,58
2020-09-05,광진구,1,168,58
2020-09-05,금천구,1,168,58
2020-09-05,노원구,3,168,58
2020-09-05,도봉구,1,168,58
2020-09-05,동작구,1,168,58
2020-09-05,마포구,2,168,58
2020-09-05,서대문구,2,168,58
2020-09-05,서초구,1,168,58
2020-09-05,성동구,1,168,58
2020-09-05,성북구,3,168,58
2020-09-05,송파구,3,168,58
2020-09-05,양천구,3,168,58
2020-09-05,영등포구,3,168,58
2020-09-05,은평구,3,168,58
2020-09-05,중랑구,3,168,58
2020-09-05,타시도,7,168,58
2020-09-06,강남구,1,167,44
2020-09-06,강동구,2,167,44
2020-09-06,강북구,1,167,44
2020-09-06,강서구,1,167,44
2020-09-06,관악구,7,167,44
2020-09-06,금천구,2,167,44
2020-09-06,노원구,5,167,44
2020-09-06,도봉구,1,167,44
2020-09-06,동대문구,1,167,44
2020-09-06,동작구,5,167,44
2020-09-06,서대문구,1,167,44
2020-09-06,성북구,2,167,44
2020-09-06,송파구,2,167,44
2020-09-06,양천구,2,167,44
2020-09-06,영등포구,2,167,44
2020-09-06,은평구,6,167,44
2020-09-06,타시도,3,167,44
2020-09-07,강남구,2,119,76
2020-09-07,강동구,1,119,76
2020-09-07,강북구,2,119,76
2020-09-07,강서구,5,119,76
2020-09-07,관악구,5,119,76
2020-09-07,광진구,2,119,76
2020-09-07,구로구,3,119,76
2020-09-07,금천구,1,119,76
2020-09-07,기타,1,119,76
2020-09-07,노원구,3,119,76
2020-09-07,도봉구,4,119,76
2020-09-07,동대문구,1,119,76
2020-09-07,동작구,1,119,76
2020-09-07,마포구,3,119,76
2020-09-07,서대문구,2,119,76
2020-09-07,서초구,4,119,76
2020-09-07,성동구,2,119,76
2020-09-07,성북구,5,119,76
2020-09-07,송파구,6,119,76
2020-09-07,양천구,1,119,76
2020-09-07,영등포구,6,119,76
2020-09-07,용산구,1,119,76
2020-09-07,은평구,4,119,76
2020-09-07,종로구,2,119,76
2020-09-07,중랑구,4,119,76
2020-09-07,타시도,5,119,76
2020-09-08,강남구,2,136,30
2020-09-08,강동구,2,136,30
2020-09-08,강북구,1,136,30
2020-09-08,관악구,6,136,30
2020-09-08,광진구,2,136,30
2020-09-08,금천구,1,136,30
2020-09-08,노원구,1,136,30
2020-09-08,도봉구,1,136,30
2020-09-08,동대문구,2,136,30
2020-09-08,동작구,3,136,30
2020-09-08,서대문구,1,136,30
2020-09-08,서초구,1,136,30
2020-09-08,성북구,1,136,30
2020-09-08,송파구,1,136,30
2020-09-08,영등포구,1,136,30
2020-09-08,은평구,1,136,30
2020-09-08,타시도,3,136,30
2020-09-09,강남구,1,156,47
2020-09-09,강동구,2,156,47
2020-09-09,강서구,2,156,47
2020-09-09,관악구,3,156,47
2020-09-09,광진구,2,156,47
2020-09-09,구로구,1,156,47
2020-09-09,노원구,3,156,47
2020-09-09,도봉구,3,156,47
2020-09-09,동대문구,1,156,47
2020-09-09,동작구,3,156,47
2020-09-09,마포구,1,156,47
2020-09-09,서대문구,2,156,47
2020-09-09,서초구,1,156,47
2020-09-09,성동구,1,156,47
2020-09-09,성북구,1,156,47
2020-09-09,송파구,3,156,47
2020-09-09,양천구,1,156,47
2020-09-09,용산구,1,156,47
2020-09-09,은평구,6,156,47
2020-09-09,종로구,7,156,47
2020-09-09,타시도,2,156,47
2020-09-10,강남구,1,155,64
2020-09-10,강동구,1,155,64
2020-09-10,강북구,4,155,64
2020-09-10,강서구,5,155,64
2020-09-10,관악구,7,155,64
2020-09-10,광진구,2,155,64
2020-09-10,구로구,1,155,64
2020-09-10,금천구,2,155,64
2020-09-10,기타,1,155,64
2020-09-10,노원구,2,155,64
2020-09-10,도봉구,1,155,64
2020-09-10,동작구,3,155,64
2020-09-10,서대문구,4,155,64
2020-09-10,서초구,3,155,64
2020-09-10,성동구,1,155,64
2020-09-10,송파구,4,155,64
2020-09-10,양천구,1,155,64
2020-09-10,영등포구,1,155,64
2020-09-10,용산구,1,155,64
2020-09-10,은평구,6,155,64
2020-09-10,종로구,3,155,64
2020-09-10,중구,1,155,64
2020-09-10,중랑구,1,155,64
2020-09-10,타시도,8,155,64
2020-09-11,강남구,4,176,49
2020-09-11,강동구,1,176,49
2020-09-11,강서구,3,176,49
2020-09-11,관악구,11,176,49
2020-09-11,구로구,1,176,49
2020-09-11,노원구,3,176,49
2020-09-11,도봉구,1,176,49
2020-09-11,동대문구,3,176,49
2020-09-11,동작구,2,176,49
2020-09-11,서대문구,1,176,49
2020-09-11,서초구,2,176,49
2020-09-11,성동구,1,176,49
2020-09-11,성북구,1,176,49
2020-09-11,송파구,6,176,49
2020-09-11,양천구,1,176,49
2020-09-11,영등포구,1,176,49
2020-09-11,용산구,1,176,49
2020-09-11,은평구,3,176,49
2020-09-11,종로구,2,176,49
2020-09-11,타시도,1,176,49
2020-09-12,강남구,3,136,34
2020-09-12,강동구,1,136,34
2020-09-12,강북구,2,136,34
2020-09-12,관악구,3,136,34
2020-09-12,금천구,1,136,34
2020-09-12,기타,1,136,34
2020-09-12,도봉구,3,136,34
2020-09-12,동작구,1,136,34
2020-09-12,서대문구,1,136,34
2020-09-12,성동구,2,136,34
2020-09-12,성북구,3,136,34
2020-09-12,송파구,4,136,34
2020-09-12,영등포구,3,136,34
2020-09-12,은평구,1,136,34
2020-09-12,종로구,1,136,34
2020-09-12,중랑구,1,136,34
2020-09-12,타시도,3,136,34
2020-09-13,강남구,4,121,41
2020-09-13,강동구,1,121,41
2020-09-13,강북구,1,121,41
2020-09-13,강서구,2,121,41
2020-09-13,관악구,4,121,41
2020-09-13,구로구,1,121,41
2020-09-13,금천구,1,121,41
2020-09-13,기타,1,121,41
2020-09-13,노원구,4,121,41
2020-09-13,도봉구,2,121,41
2020-09-13,마포구,2,121,41
2020-09-13,서초구,2,121,41
2020-09-13,성북구,2,121,41
2020-09-13,송파구,6,121,41
2020-09-13,영등포구,2,121,41
2020-09-13,은평구,2,121,41
2020-09-13,중랑구,1,121,41
2020-09-13,타시도,3,121,41
2020-09-14,강남구,7,109,36
2020-09-14,강동구,1,109,36
2020-09-14,강북구,3,109,36
2020-09-14,강서구,1,109,36
2020-09-14,관악구,2,109,36
2020-09-14,구로구,1,109,36
2020-09-14,기타,1,109,36
2020-09-14,노원구,3,109,36
2020-09-14,도봉구,1,109,36
2020-09-14,동대문구,1,109,36
2020-09-14,동작구,1,109,36
2020-09-14,마포구,1,109,36
2020-09-14,서대문구,1,109,36
2020-09-14,서초구,2,109,36
2020-09-14,성동구,1,109,36
2020-09-14,성북구,1,109,36
2020-09-14,송파구,3,109,36
2020-09-14,영등포구,1,109,36
2020-09-14,은평구,1,109,36
2020-09-14,종로구,1,109,36
2020-09-14,타시도,2,109,36
2020-09-15,강남구,1,106,49
2020-09-15,강서구,3,106,49
2020-09-15,관악구,2,106,49
2020-09-15,구로구,1,106,49
2020-09-15,기타,1,106,49
2020-09-15,노원구,5,106,49
2020-09-15,동대문구,2,106,49
2020-09-15,동작구,4,106,49
2020-09-15,마포구,1,106,49
2020-09-15,서대문구,3,106,49
2020-09-15,서초구,3,106,49
2020-09-15,성북구,2,106,49
2020-09-15,송파구,6,106,49
2020-09-15,양천구,3,106,49
2020-09-15,영등포구,2,106,49
2020-09-15,용산구,2,106,49
2020-09-15,은평구,1,106,49
2020-09-15,종로구,1,106,49
2020-09-15,중랑구,1,106,49
2020-09-15,타시도,5,106,49
2020-09-16,강남구,6,113,62
2020-09-16,강동구,2,113,62
2020-09-16,강북구,4,113,62
2020-09-16,강서구,4,113,62
2020-09-16,관악구,4,113,62
2020-09-16,광진구,1,113,62
2020-09-16,구로구,3,113,62
2020-09-16,노원구,2,113,62
2020-09-16,동대문구,2,113,62
2020-09-16,동작구,5,113,62
2020-09-16,마포구,1,113,62
2020-09-16,서대문구,3,113,62
2020-09-16,서초구,2,113,62
2020-09-16,성동구,1,113,62
2020-09-16,성북구,1,113,62
2020-09-16,송파구,5,113,62
2020-09-16,양천구,4,113,62
2020-09-16,영등포구,2,113,62
2020-09-16,은평구,2,113,62
2020-09-16,중랑구,3,113,62
2020-09-16,타시도,5,113,62
2020-09-17,강남구,4,153,43
2020-09-17,강서구,1,153,43
2020-09-17,관악구,6,153,43
2020-09-17,광진구,2,153,43
2020-09-17,구로구,1,153,43
2020-09-17,기타,1,153,43
2020-09-17,노원구,3,153,43
2020-09-17,도봉구,2,153,43
2020-09-17,동대문구,2,153,43
2020-09-17,동작구,1,153,43
2020-09-17,마포구,2,153,43
2020-09-17,서대문구,1,153,43
2020-09-17,서초구,2,153,43
2020-09-17,성북구,1,153,43
2020-09-17,송파구,5,153,43
2020-09-17,양천구,3,153,43
2020-09-17,영등포구,3,153,43
2020-09-17,은평구,2,153,43
2020-09-17,중랑구,1,153,43
2020-09-18,강남구,6,126,40
2020-09-18,강서구,2,126,40
2020-09-18,관악구,5,126,40
2020-09-18,구로구,1,126,40
2020-09-18,금천구,1,126,40
2020-09-18,기타,2,126,40
2020-09-18,노원구,3,126,40
2020-09-18,도봉구,2,126,40
2020-09-18,동작구,1,126,40
2020-09-18,마포구,1,126,40
2020-09-18,서대문구,1,126,40
2020-09-18,서초구,2,126,40
2020-09-18,성동구,1,126,40
2020-09-18,성북구,1,126,40
2020-09-18,송파구,2,126,40
2020-09-18,양천구,2,126,40
2020-09-18,영등포구,1,126,40
2020-09-18,은평구,2,126,40
2020-09-18,중랑구,1,126,40
2020-09-18,타시도,3,126,40
2020-09-19,강남구,4,110,28
2020-09-19,강서구,2,110,28
2020-09-19,관악구,2,110,28
2020-09-19,광진구,1,110,28
2020-09-19,구로구,1,110,28
2020-09-19,금천구,1,110,28
2020-09-19,동작구,1,110,28
2020-09-19,서초구,2,110,28
2020-09-19,성동구,1,110,28
2020-09-19,성북구,1,110,28
2020-09-19,송파구,3,110,28
2020-09-19,양천구,2,110,28
2020-09-19,영등포구,1,110,28
2020-09-19,은평구,1,110,28
2020-09-19,중구,1,110,28
2020-09-19,중랑구,1,110,28
2020-09-19,타시도,3,110,28
2020-09-20,강남구,2,82,23
2020-09-20,관악구,2,82,23
2020-09-20,구로구,2,82,23
2020-09-20,금천구,1,82,23
2020-09-20,기타,1,82,23
2020-09-20,노원구,2,82,23
2020-09-20,동작구,3,82,23
2020-09-20,마포구,1,82,23
2020-09-20,서대문구,2,82,23
2020-09-20,서초구,1,82,23
2020-09-20,성동구,2,82,23
2020-09-20,영등포구,1,82,23
2020-09-20,중랑구,1,82,23
2020-09-20,타시도,2,82,23
2020-09-21,강북구,1,70,39
2020-09-21,강서구,4,70,39
2020-09-21,관악구,5,70,39
2020-09-21,광진구,2,70,39
2020-09-21,구로구,1,70,39
2020-09-21,금천구,2,70,39
2020-09-21,노원구,1,70,39
2020-09-21,도봉구,1,70,39
2020-09-21,동작구,4,70,39
2020-09-21,마포구,5,70,39
2020-09-21,서초구,2,70,39
2020-09-21,성동구,1,70,39
2020-09-21,송파구,1,70,39
2020-09-21,양천구,3,70,39
2020-09-21,영등포구,2,70,39
2020-09-21,은평구,3,70,39
2020-09-21,중랑구,1,70,39
2020-09-22,강남구,1,61,40
2020-09-22,강동구,1,61,40
2020-09-22,강서구,6,61,40
2020-09-22,관악구,4,61,40
2020-09-22,구로구,2,61,40
2020-09-22,금천구,1,61,40
2020-09-22,노원구,1,61,40
2020-09-22,도봉구,8,61,40
2020-09-22,동작구,3,61,40
2020-09-22,성북구,3,61,40
2020-09-22,송파구,2,61,40
2020-09-22,영등포구,2,61,40
2020-09-22,종로구,2,61,40
2020-09-22,중랑구,1,61,40
2020-09-22,타시도,2,61,40
2020-09-22,한국,1,61,40
2020-09-23,강남구,2,110,25
2020-09-23,강북구,1,110,25
2020-09-23,강서구,4,110,25
2020-09-23,관악구,3,110,25
2020-09-23,구로구,1,110,25
2020-09-23,서초구,1,110,25
2020-09-23,성동구,2,110,25
2020-09-23,송파구,2,110,25
2020-09-23,영등포구,1,110,25
2020-09-23,용산구,3,110,25
2020-09-23,은평구,1,110,25
2020-09-23,타시도,4,110,25
2020-09-24,강남구,1,125,54
2020-09-24,강동구,1,125,54
2020-09-24,강서구,3,125,54
2020-09-24,관악구,7,125,54
2020-09-24,광진구,1,125,54
2020-09-24,구로구,3,125,54
2020-09-24,금천구,1,125,54
2020-09-24,기타,1,125,54
2020-09-24,노원구,1,125,54
2020-09-24,도봉구,12,125,54
2020-09-24,동대문구,1,125,54
2020-09-24,동작구,4,125,54
2020-09-24,서초구,5,125,54
2020-09-24,성북구,3,125,54
2020-09-24,송파구,1,125,54
2020-09-24,양천구,1,125,54
2020-09-24,영등포구,2,125,54
2020-09-24,은평구,2,125,54
2020-09-24,종로구,1,125,54
2020-09-24,중랑구,1,125,54
2020-09-24,타시도,2,125,54
2020-09-25,강남구,3,114,25
2020-09-25,강서구,1,114,25
2020-09-25,관악구,3,114,25
2020-09-25,구로구,2,114,25
2020-09-25,도봉구,4,114,25
2020-09-25,동대문구,1,114,25
2020-09-25,서초구,2,114,25
2020-09-25,성북구,1,114,25
2020-09-25,송파구,1,114,25
2020-09-25,영등포구,3,114,25
2020-09-25,은평구,1,114,25
2020-09-25,종로구,1,114,25
2020-09-25,중구,1,114,25
2020-09-25,타시도,1,114,25
2020-09-26,강동구,2,61,35
2020-09-26,강서구,2,61,35
2020-09-26,관악구,5,61,35
2020-09-26,노원구,1,61,35
2020-09-26,도봉구,5,61,35
2020-09-26,동작구,4,61,35
2020-09-26,성북구,2,61,35
2020-09-26,송파구,2,61,35
2020-09-26,영등포구,1,61,35
2020-09-26,용산구,2,61,35
2020-09-26,은평구,1,61,35
2020-09-26,중구,2,61,35
2020-09-26,중랑구,1,61,35
2020-09-26,타시도,5,61,35
2020-09-27,강남구,2,95,18
2020-09-27,강동구,1,95,18
2020-09-27,관악구,1,95,18
2020-09-27,광진구,1,95,18
2020-09-27,구로구,2,95,18
2020-09-27,도봉구,3,95,18
2020-09-27,동대문구,1,95,18
2020-09-27,서대문구,1,95,18
2020-09-27,송파구,1,95,18
2020-09-27,영등포구,2,95,18
2020-09-27,용산구,2,95,18
2020-09-27,은평구,1,95,18
2020-09-28,강북구,1,50,26
2020-09-28,관악구,2,50,26
2020-09-28,광진구,1,50,26
2020-09-28,도봉구,6,50,26
2020-09-28,동대문구,5,50,26
2020-09-28,동작구,2,50,26
2020-09-28,마포구,1,50,26
2020-09-28,성북구,4,50,26
2020-09-28,영등포구,1,50,26
2020-09-28,용산구,2,50,26
2020-09-28,은평구,1,50,26
2020-09-29,관악구,3,38,36
2020-09-29,기타,28,38,36
2020-09-29,동작구,1,38,36
2020-09-29,서초구,2,38,36
2020-09-29,타시도,2,38,36
2020-09-30,강남구,1,113,30
2020-09-30,강동구,1,113,30
2020-09-30,관악구,6,113,30
2020-09-30,광진구,1,113,30
2020-09-30,구로구,2,113,30
2020-09-30,금천구,2,113,30
2020-09-30,기타,1,113,30
2020-09-30,동대문구,3,113,30
2020-09-30,동작구,2,113,30
2020-09-30,마포구,1,113,30
2020-09-30,서대문구,1,113,30
2020-09-30,성동구,4,113,30
2020-09-30,송파구,2,113,30
2020-09-30,영등포구,1,113,30
2020-09-30,용산구,1,113,30
2020-09-30,중랑구,1,113,30
2020-10-01,강남구,1,,11
2020-10-01,관악구,2,,11
2020-10-01,구로구,1,,11
2020-10-01,금천구,1,,11
2020-10-01,기타,1,,11
2020-10-01,마포구,2,,11
2020-10-01,성동구,1,,11
2020-10-01,성북구,1,,11
2020-10-01,종로구,1,,11
2020-10-02,강서구,2,,26
2020-10-02,관악구,2,,26
2020-10-02,기타,10,,26
2020-10-02,노원구,3,,26
2020-10-02,도봉구,1,,26
2020-10-02,동대문구,1,,26
2020-10-02,동작구,2,,26
2020-10-02,마포구,2,,26
2020-10-02,서초구,1,,26
2020-10-02,성동구,1,,26
2020-10-02,중랑구,1,,26
2020-10-03,강남구,1,,16
2020-10-03,강북구,1,,16
2020-10-03,관악구,3,,16
2020-10-03,구로구,2,,16
2020-10-03,기타,1,,16
2020-10-03,동대문구,1,,16
2020-10-03,동작구,3,,16
2020-10-03,마포구,1,,16
2020-10-03,용산구,1,,16
2020-10-03,은평구,1,,16
2020-10-03,중랑구,1,,16
2020-10-04,강남구,1,,19
2020-10-04,강동구,2,,19
2020-10-04,강북구,3,,19
2020-10-04,관악구,4,,19
2020-10-04,광진구,1,,19
2020-10-04,구로구,1,,19
2020-10-04,노원구,1,,19
2020-10-04,도봉구,1,,19
2020-10-04,동대문구,2,,19
2020-10-04,동작구,2,,19
2020-10-04,타시도,1,,19
2020-10-05,강북구,1,,18
2020-10-05,강서구,1,,18
2020-10-05,관악구,2,,18
2020-10-05,광진구,1,,18
2020-10-05,구로구,1,,18
2020-10-05,금천구,1,,18
2020-10-05,노원구,2,,18
2020-10-05,동대문구,1,,18
2020-10-05,동작구,1,,18
2020-10-05,서초구,1,,18
2020-10-05,영등포구,1,,18
2020-10-05,용산구,2,,18
2020-10-05,중랑구,1,,18
2020-10-05,타시도,2,,18
2020-10-06,강남구,2,,30
2020-10-06,강북구,2,,30
2020-10-06,관악구,5,,30
2020-10-06,광진구,1,,30
2020-10-06,기타,2,,30
2020-10-06,노원구,2,,30
2020-10-06,도봉구,1,,30
2020-10-06,동대문구,5,,30
2020-10-06,마포구,1,,30
2020-10-06,서초구,2,,30
2020-10-06,성동구,1,,30
2020-10-06,송파구,1,,30
2020-10-06,영등포구,1,,30
2020-10-06,용산구,1,,30
2020-10-06,중랑구,1,,30
2020-10-06,타시도,2,,30
2020-10-07,강동구,1,,20
2020-10-07,관악구,2,,20
2020-10-07,구로구,1,,20
2020-10-07,기타,1,,20
2020-10-07,노원구,3,,20
2020-10-07,도봉구,3,,20
2020-10-07,동대문구,1,,20
2020-10-07,서대문구,4,,20
2020-10-07,서초구,1,,20
2020-10-07,성동구,1,,20
2020-10-07,용산구,1,,20
2020-10-07,은평구,1,,20
