,행정동코드,시도명,시군구명,읍면동명,법정동코드,동리명,생성일자
2,1111051500,서울특별시,종로구,청운효자동,1111010100,청운동,20081101
3,1111051500,서울특별시,종로구,청운효자동,1111010200,신교동,20081101
4,1111051500,서울특별시,종로구,청운효자동,1111010300,궁정동,20081101
5,1111051500,서울특별시,종로구,청운효자동,1111010400,효자동,20081101
6,1111051500,서울특별시,종로구,청운효자동,1111010500,창성동,20081101
7,1111051500,서울특별시,종로구,청운효자동,1111010800,통인동,20081101
8,1111051500,서울특별시,종로구,청운효자동,1111010900,누상동,20081101
9,1111051500,서울특별시,종로구,청운효자동,1111011000,누하동,20081101
10,1111051500,서울특별시,종로구,청운효자동,1111011100,옥인동,20081101
11,1111051500,서울특별시,종로구,청운효자동,1111011900,세종로,20081101
12,1111053000,서울특별시,종로구,사직동,1111010600,통의동,19880423
13,1111053000,서울특별시,종로구,사직동,1111010700,적선동,19880423
14,1111053000,서울특별시,종로구,사직동,1111011200,체부동,19880423
15,1111053000,서울특별시,종로구,사직동,1111011300,필운동,19880423
16,1111053000,서울특별시,종로구,사직동,1111011400,내자동,19880423
17,1111053000,서울특별시,종로구,사직동,1111011500,사직동,19880423
18,1111053000,서울특별시,종로구,사직동,1111011600,도렴동,19981201
19,1111053000,서울특별시,종로구,사직동,1111011700,당주동,19981201
20,1111053000,서울특별시,종로구,사직동,1111011800,내수동,19981201
21,1111053000,서울특별시,종로구,사직동,1111011900,세종로,19981201
22,1111053000,서울특별시,종로구,사직동,1111012000,신문로1가,19981201
23,1111053000,서울특별시,종로구,사직동,1111012100,신문로2가,19981201
24,1111054000,서울특별시,종로구,삼청동,1111013900,팔판동,19880423
25,1111054000,서울특별시,종로구,삼청동,1111014000,삼청동,19880423
26,1111054000,서울특별시,종로구,삼청동,1111014100,안국동,19880423
27,1111054000,서울특별시,종로구,삼청동,1111014200,소격동,19880423
28,1111054000,서울특별시,종로구,삼청동,1111014300,화동,19880423
29,1111054000,서울특별시,종로구,삼청동,1111014400,사간동,19880423
30,1111054000,서울특별시,종로구,삼청동,1111014500,송현동,19880423
31,1111055000,서울특별시,종로구,부암동,1111018400,부암동,19880423
32,1111055000,서울특별시,종로구,부암동,1111018500,홍지동,19880423
33,1111055000,서울특별시,종로구,부암동,1111018600,신영동,19880423
34,1111056000,서울특별시,종로구,평창동,1111018200,구기동,19880423
35,1111056000,서울특별시,종로구,평창동,1111018300,평창동,19880423
36,1111057000,서울특별시,종로구,무악동,1111018700,무악동,19880423
37,1111058000,서울특별시,종로구,교남동,1111017600,교남동,19880423
38,1111058000,서울특별시,종로구,교남동,1111017700,평동,19880423
39,1111058000,서울특별시,종로구,교남동,1111017800,송월동,19880423
40,1111058000,서울특별시,종로구,교남동,1111017900,홍파동,19880423
41,1111058000,서울특별시,종로구,교남동,1111018000,교북동,19880423
42,1111058000,서울특별시,종로구,교남동,1111018100,행촌동,19880423
43,1111060000,서울특별시,종로구,가회동,1111014600,가회동,19880423
44,1111060000,서울특별시,종로구,가회동,1111014700,재동,19880423
45,1111060000,서울특별시,종로구,가회동,1111014800,계동,19880423
46,1111060000,서울특별시,종로구,가회동,1111014900,원서동,19880423
47,1111061500,서울특별시,종로구,종로1.2.3.4가동,1111011900,세종로,20110501
48,1111061500,서울특별시,종로구,종로1.2.3.4가동,1111012200,청진동,19981201
49,1111061500,서울특별시,종로구,종로1.2.3.4가동,1111012300,서린동,19981201
50,1111061500,서울특별시,종로구,종로1.2.3.4가동,1111012400,수송동,19981201
51,1111061500,서울특별시,종로구,종로1.2.3.4가동,1111012500,중학동,19981201
52,1111061500,서울특별시,종로구,종로1.2.3.4가동,1111012600,종로1가,19981201
53,1111061500,서울특별시,종로구,종로1.2.3.4가동,1111012700,공평동,19981201
54,1111061500,서울특별시,종로구,종로1.2.3.4가동,1111012800,관훈동,19981201
55,1111061500,서울특별시,종로구,종로1.2.3.4가동,1111012900,견지동,19981201
56,1111061500,서울특별시,종로구,종로1.2.3.4가동,1111013000,와룡동,19981201
57,1111061500,서울특별시,종로구,종로1.2.3.4가동,1111013100,권농동,19981201
58,1111061500,서울특별시,종로구,종로1.2.3.4가동,1111013200,운니동,19981201
59,1111061500,서울특별시,종로구,종로1.2.3.4가동,1111013300,익선동,19981201
60,1111061500,서울특별시,종로구,종로1.2.3.4가동,1111013400,경운동,19981201
61,1111061500,서울특별시,종로구,종로1.2.3.4가동,1111013500,관철동,19981201
62,1111061500,서울특별시,종로구,종로1.2.3.4가동,1111013600,인사동,19981201
63,1111061500,서울특별시,종로구,종로1.2.3.4가동,1111013700,낙원동,19981201
64,1111061500,서울특별시,종로구,종로1.2.3.4가동,1111013800,종로2가,19981201
65,1111061500,서울특별시,종로구,종로1.2.3.4가동,1111015000,훈정동,19981201
66,1111061500,서울특별시,종로구,종로1.2.3.4가동,1111015100,묘동,19981201
67,1111061500,서울특별시,종로구,종로1.2.3.4가동,1111015200,봉익동,19981201
68,1111061500,서울특별시,종로구,종로1.2.3.4가동,1111015300,돈의동,19981201
69,1111061500,서울특별시,종로구,종로1.2.3.4가동,1111015400,장사동,19981201
70,1111061500,서울특별시,종로구,종로1.2.3.4가동,1111015500,관수동,19981201
71,1111061500,서울특별시,종로구,종로1.2.3.4가동,1111015600,종로3가,19981201
72,1111061500,서울특별시,종로구,종로1.2.3.4가동,1111015700,인의동,19981201
73,1111061500,서울특별시,종로구,종로1.2.3.4가동,1111015800,예지동,19981201
74,1111061500,서울특별시,종로구,종로1.2.3.4가동,1111015900,원남동,19981201
75,1111061500,서울특별시,종로구,종로1.2.3.4가동,1111016100,종로4가,19981201
76,1111063000,서울특별시,종로구,종로5.6가동,1111016000,연지동,19880423
77,1111063000,서울특별시,종로구,종로5.6가동,1111016200,효제동,19880423
78,1111063000,서울특별시,종로구,종로5.6가동,1111016300,종로5가,19880423
79,1111063000,서울특별시,종로구,종로5.6가동,1111016400,종로6가,19880423
80,1111063000,서울특별시,종로구,종로5.6가동,1111016700,충신동,19880423
81,1111064000,서울특별시,종로구,이화동,1111016500,이화동,19880423
82,1111064000,서울특별시,종로구,이화동,1111016600,연건동,19880423
83,1111064000,서울특별시,종로구,이화동,1111016800,동숭동,19880423
84,1111065000,서울특별시,종로구,혜화동,1111013000,와룡동,20120801
85,1111065000,서울특별시,종로구,혜화동,1111016900,혜화동,19880423
86,1111065000,서울특별시,종로구,혜화동,1111017000,명륜1가,19880423
87,1111065000,서울특별시,종로구,혜화동,1111017100,명륜2가,19880423
88,1111065000,서울특별시,종로구,혜화동,1111017200,명륜4가,19880423
89,1111065000,서울특별시,종로구,혜화동,1111017300,명륜3가,20120801
90,1111067000,서울특별시,종로구,창신1동,1111017400,창신동,19880423
91,1111068000,서울특별시,종로구,창신2동,1111017400,창신동,19880423
92,1111069000,서울특별시,종로구,창신3동,1111017400,창신동,19880423
93,1111070000,서울특별시,종로구,숭인1동,1111017500,숭인동,19880423
94,1111071000,서울특별시,종로구,숭인2동,1111017500,숭인동,19880423
96,1114052000,서울특별시,중구,소공동,1114011100,소공동,19880423
97,1114052000,서울특별시,중구,소공동,1114011300,북창동,19880423
98,1114052000,서울특별시,중구,소공동,1114011400,태평로2가,19880423
99,1114052000,서울특별시,중구,소공동,1114011500,남대문로2가,19880423
100,1114052000,서울특별시,중구,소공동,1114011600,남대문로3가,19880423
101,1114052000,서울특별시,중구,소공동,1114011700,남대문로4가,19880423
102,1114052000,서울특별시,중구,소공동,1114011900,봉래동1가,19920416
103,1114052000,서울특별시,중구,소공동,1114016600,서소문동,19880423
104,1114052000,서울특별시,중구,소공동,1114016700,정동,19880423
105,1114052000,서울특별시,중구,소공동,1114016800,순화동,19880423
106,1114052000,서울특별시,중구,소공동,1114016900,의주로1가,19880423
107,1114052000,서울특별시,중구,소공동,1114017000,충정로1가,19880423
108,1114054000,서울특별시,중구,회현동,1114011200,남창동,19880423
109,1114054000,서울특별시,중구,회현동,1114011600,남대문로3가,19920416
110,1114054000,서울특별시,중구,회현동,1114011700,남대문로4가,19920416
111,1114054000,서울특별시,중구,회현동,1114011800,남대문로5가,19980914
112,1114054000,서울특별시,중구,회현동,1114011900,봉래동1가,19980914
113,1114054000,서울특별시,중구,회현동,1114012000,봉래동2가,19980914
114,1114054000,서울특별시,중구,회현동,1114012100,회현동1가,19880423
115,1114054000,서울특별시,중구,회현동,1114012200,회현동2가,19880423
116,1114054000,서울특별시,중구,회현동,1114012400,충무로1가,19880423
117,1114054000,서울특별시,중구,회현동,1114016800,순화동,19980914
118,1114055000,서울특별시,중구,명동,1114010100,무교동,19980914
119,1114055000,서울특별시,중구,명동,1114010200,다동,19980914
120,1114055000,서울특별시,중구,명동,1114010300,태평로1가,19980914
121,1114055000,서울특별시,중구,명동,1114010400,을지로1가,19980914
122,1114055000,서울특별시,중구,명동,1114010500,을지로2가,19980914
123,1114055000,서울특별시,중구,명동,1114010600,남대문로1가,19980914
124,1114055000,서울특별시,중구,명동,1114010700,삼각동,19980914
125,1114055000,서울특별시,중구,명동,1114010800,수하동,19980914
126,1114055000,서울특별시,중구,명동,1114010900,장교동,19980914
127,1114055000,서울특별시,중구,명동,1114011000,수표동,19980914
128,1114055000,서울특별시,중구,명동,1114011500,남대문로2가,19920416
129,1114055000,서울특별시,중구,명동,1114012100,회현동1가,19880423
130,1114055000,서울특별시,중구,명동,1114012200,회현동2가,19880423
131,1114055000,서울특별시,중구,명동,1114012300,회현동3가,19880423
132,1114055000,서울특별시,중구,명동,1114012400,충무로1가,19880423
133,1114055000,서울특별시,중구,명동,1114012500,충무로2가,19880423
134,1114055000,서울특별시,중구,명동,1114012600,명동1가,19880423
135,1114055000,서울특별시,중구,명동,1114012700,명동2가,19880423
136,1114055000,서울특별시,중구,명동,1114012800,남산동1가,19880423
137,1114055000,서울특별시,중구,명동,1114012900,남산동2가,19880423
138,1114055000,서울특별시,중구,명동,1114013000,남산동3가,19880423
139,1114055000,서울특별시,중구,명동,1114013100,저동1가,19880423
140,1114055000,서울특별시,중구,명동,1114014200,예장동,19880423
141,1114057000,서울특별시,중구,필동,1114013200,충무로4가,19980914
142,1114057000,서울특별시,중구,필동,1114013300,충무로5가,19980914
143,1114057000,서울특별시,중구,필동,1114013600,묵정동,19880423
144,1114057000,서울특별시,중구,필동,1114013700,필동1가,19880423
145,1114057000,서울특별시,중구,필동,1114013800,필동2가,19880423
146,1114057000,서울특별시,중구,필동,1114013900,필동3가,19880423
147,1114057000,서울특별시,중구,필동,1114014000,남학동,19880423
148,1114057000,서울특별시,중구,필동,1114014100,주자동,19880423
149,1114057000,서울특별시,중구,필동,1114014200,예장동,19880423
150,1114057000,서울특별시,중구,필동,1114014400,장충동2가,19880423
151,1114057000,서울특별시,중구,필동,1114015800,충무로3가,19880423
152,1114058000,서울특별시,중구,장충동,1114013600,묵정동,19880423
153,1114058000,서울특별시,중구,장충동,1114014300,장충동1가,19880423
154,1114058000,서울특별시,중구,장충동,1114014400,장충동2가,19880423
155,1114059000,서울특별시,중구,광희동,1114013200,충무로4가,19980914
156,1114059000,서울특별시,중구,광희동,1114013300,충무로5가,19980914
157,1114059000,서울특별시,중구,광희동,1114013400,인현동2가,19980914
158,1114059000,서울특별시,중구,광희동,1114013500,예관동,19980914
159,1114059000,서울특별시,중구,광희동,1114014500,광희동1가,19880423
160,1114059000,서울특별시,중구,광희동,1114014600,광희동2가,19880423
161,1114059000,서울특별시,중구,광희동,1114014700,쌍림동,19880423
162,1114059000,서울특별시,중구,광희동,1114014800,을지로6가,19880423
163,1114059000,서울특별시,중구,광희동,1114014900,을지로7가,19880423
164,1114059000,서울특별시,중구,광희동,1114015400,오장동,19920416
165,1114060500,서울특별시,중구,을지로동,1114015000,을지로4가,20050315
166,1114060500,서울특별시,중구,을지로동,1114015100,을지로5가,20050315
167,1114060500,서울특별시,중구,을지로동,1114015200,주교동,20050315
168,1114060500,서울특별시,중구,을지로동,1114015300,방산동,20050315
169,1114060500,서울특별시,중구,을지로동,1114015500,을지로3가,20050315
170,1114060500,서울특별시,중구,을지로동,1114015600,입정동,20050315
171,1114060500,서울특별시,중구,을지로동,1114015700,산림동,20050315
172,1114060500,서울특별시,중구,을지로동,1114015900,초동,20050315
173,1114060500,서울특별시,중구,을지로동,1114016000,인현동1가,20050315
174,1114060500,서울특별시,중구,을지로동,1114016100,저동2가,20050315
175,1114061500,서울특별시,중구,신당동,1114016200,신당동,20130720
176,1114061500,서울특별시,중구,신당동,1114016300,흥인동,20130720
177,1114061500,서울특별시,중구,신당동,1114016400,무학동,20130720
178,1114062500,서울특별시,중구,다산동,1114016200,신당동,20130720
179,1114063500,서울특별시,중구,약수동,1114016200,신당동,20130720
180,1114064500,서울특별시,중구,청구동,1114016200,신당동,20130720
181,1114065000,서울특별시,중구,신당5동,1114016200,신당동,19880423
182,1114066500,서울특별시,중구,동화동,1114016200,신당동,20130720
183,1114067000,서울특별시,중구,황학동,1114016500,황학동,19880423
184,1114068000,서울특별시,중구,중림동,1114017100,중림동,19880423
185,1114068000,서울특별시,중구,중림동,1114017200,의주로2가,19880423
186,1114068000,서울특별시,중구,중림동,1114017300,만리동1가,19880423
187,1114068000,서울특별시,중구,중림동,1114017400,만리동2가,19880423
189,1117051000,서울특별시,용산구,후암동,1117010100,후암동,19880423
190,1117052000,서울특별시,용산구,용산2가동,1117010200,용산동2가,19880423
191,1117052000,서울특별시,용산구,용산2가동,1117010300,용산동4가,19880423
192,1117053000,서울특별시,용산구,남영동,1117010400,갈월동,19880423
193,1117053000,서울특별시,용산구,남영동,1117010500,남영동,19880423
194,1117053000,서울특별시,용산구,남영동,1117010600,용산동1가,19880423
195,1117053000,서울특별시,용산구,남영동,1117010700,동자동,19880423
196,1117055500,서울특별시,용산구,청파동,1117010800,서계동,20080630
197,1117055500,서울특별시,용산구,청파동,1117010900,청파동1가,20080630
198,1117055500,서울특별시,용산구,청파동,1117011000,청파동2가,20080630
199,1117055500,서울특별시,용산구,청파동,1117011100,청파동3가,20080630
200,1117056000,서울특별시,용산구,원효로1동,1117011200,원효로1가,19880423
201,1117056000,서울특별시,용산구,원효로1동,1117011300,원효로2가,19880423
202,1117056000,서울특별시,용산구,원효로1동,1117012200,문배동,20080630
203,1117056000,서울특별시,용산구,원효로1동,1117012300,신계동,20080630
204,1117057000,서울특별시,용산구,원효로2동,1117011400,신창동,19880423
205,1117057000,서울특별시,용산구,원효로2동,1117011500,산천동,19880423
206,1117057000,서울특별시,용산구,원효로2동,1117011600,청암동,19880423
207,1117057000,서울특별시,용산구,원효로2동,1117011700,원효로3가,19880423
208,1117057000,서울특별시,용산구,원효로2동,1117011800,원효로4가,19880423
209,1117058000,서울특별시,용산구,효창동,1117011900,효창동,19880423
210,1117059000,서울특별시,용산구,용문동,1117012000,도원동,19880423
211,1117059000,서울특별시,용산구,용문동,1117012100,용문동,19880423
212,1117062500,서울특별시,용산구,한강로동,1117012400,한강로1가,20080630
213,1117062500,서울특별시,용산구,한강로동,1117012500,한강로2가,20080630
214,1117062500,서울특별시,용산구,한강로동,1117012600,용산동3가,20080630
215,1117062500,서울특별시,용산구,한강로동,1117012700,용산동5가,20080630
216,1117062500,서울특별시,용산구,한강로동,1117012800,한강로3가,20080630
217,1117063000,서울특별시,용산구,이촌1동,1117012900,이촌동,19880423
218,1117064000,서울특별시,용산구,이촌2동,1117012900,이촌동,19880423
219,1117065000,서울특별시,용산구,이태원1동,1117013000,이태원동,19880423
220,1117066000,서울특별시,용산구,이태원2동,1117013000,이태원동,19880423
221,1117068500,서울특별시,용산구,한남동,1117013100,한남동,20080630
222,1117069000,서울특별시,용산구,서빙고동,1117013200,동빙고동,19880423
223,1117069000,서울특별시,용산구,서빙고동,1117013300,서빙고동,19880423
224,1117069000,서울특별시,용산구,서빙고동,1117013400,주성동,19880423
225,1117069000,서울특별시,용산구,서빙고동,1117013500,용산동6가,19880423
226,1117070000,서울특별시,용산구,보광동,1117013600,보광동,19880423
228,1120052000,서울특별시,성동구,왕십리2동,1120010200,하왕십리동,19880423
229,1120053500,서울특별시,성동구,왕십리도선동,1120010100,상왕십리동,20080811
230,1120053500,서울특별시,성동구,왕십리도선동,1120010200,하왕십리동,20080811
231,1120053500,서울특별시,성동구,왕십리도선동,1120010300,홍익동,20080811
232,1120053500,서울특별시,성동구,왕십리도선동,1120010400,도선동,20080811
233,1120054000,서울특별시,성동구,마장동,1120010500,마장동,19880423
234,1120055000,서울특별시,성동구,사근동,1120010600,사근동,19880423
235,1120055000,서울특별시,성동구,사근동,1120010700,행당동,19880423
236,1120056000,서울특별시,성동구,행당1동,1120010700,행당동,19880423
237,1120057000,서울특별시,성동구,행당2동,1120010700,행당동,19880423
238,1120058000,서울특별시,성동구,응봉동,1120010800,응봉동,19880423
239,1120059000,서울특별시,성동구,금호1가동,1120010900,금호동1가,19880423
240,1120061500,서울특별시,성동구,금호2.3가동,1120011000,금호동2가,20080811
241,1120061500,서울특별시,성동구,금호2.3가동,1120011100,금호동3가,20080811
242,1120062000,서울특별시,성동구,금호4가동,1120011200,금호동4가,19880423
243,1120064500,서울특별시,성동구,옥수동,1120011300,옥수동,20080811
244,1120065000,서울특별시,성동구,성수1가1동,1120011400,성수동1가,19880423
245,1120066000,서울특별시,성동구,성수1가2동,1120011400,성수동1가,19880423
246,1120067000,서울특별시,성동구,성수2가1동,1120011500,성수동2가,19880423
247,1120069000,서울특별시,성동구,성수2가3동,1120011500,성수동2가,19880423
248,1120072000,서울특별시,성동구,송정동,1120011800,송정동,19880423
249,1120079000,서울특별시,성동구,용답동,1120011800,송정동,19880423
250,1120079000,서울특별시,성동구,용답동,1120012200,용답동,19880423
252,1121571000,서울특별시,광진구,화양동,1121510700,화양동,19950301
253,1121573000,서울특별시,광진구,군자동,1121510900,군자동,19950301
254,1121574000,서울특별시,광진구,중곡1동,1121510100,중곡동,19950301
255,1121575000,서울특별시,광진구,중곡2동,1121510100,중곡동,19950301
256,1121576000,서울특별시,광진구,중곡3동,1121510100,중곡동,19950301
257,1121577000,서울특별시,광진구,중곡4동,1121510100,중곡동,19950301
258,1121578000,서울특별시,광진구,능동,1121510200,능동,19950301
259,1121581000,서울특별시,광진구,광장동,1121510400,광장동,19950301
260,1121582000,서울특별시,광진구,자양1동,1121510500,자양동,19950301
261,1121583000,서울특별시,광진구,자양2동,1121510500,자양동,19950301
262,1121584000,서울특별시,광진구,자양3동,1121510500,자양동,19950301
263,1121584700,서울특별시,광진구,자양4동,1121510500,자양동,20080101
264,1121585000,서울특별시,광진구,구의1동,1121510300,구의동,19950301
265,1121586000,서울특별시,광진구,구의2동,1121510300,구의동,19950301
266,1121587000,서울특별시,광진구,구의3동,1121510300,구의동,19950301
268,1123053600,서울특별시,동대문구,용신동,1123010100,신설동,20090504
269,1123053600,서울특별시,동대문구,용신동,1123010200,용두동,20090504
270,1123054500,서울특별시,동대문구,제기동,1123010300,제기동,20090504
271,1123056000,서울특별시,동대문구,전농1동,1123010400,전농동,20090504
272,1123057000,서울특별시,동대문구,전농2동,1123010400,전농동,20090504
273,1123060000,서울특별시,동대문구,답십리1동,1123010500,답십리동,20090504
274,1123061000,서울특별시,동대문구,답십리2동,1123010500,답십리동,20090504
275,1123065000,서울특별시,동대문구,장안1동,1123010600,장안동,20090504
276,1123066000,서울특별시,동대문구,장안2동,1123010600,장안동,20090504
277,1123070500,서울특별시,동대문구,청량리동,1123010700,청량리동,20080811
278,1123071000,서울특별시,동대문구,회기동,1123010800,회기동,19880423
279,1123072000,서울특별시,동대문구,휘경1동,1123010900,휘경동,19880423
280,1123073000,서울특별시,동대문구,휘경2동,1123010900,휘경동,19880423
281,1123074000,서울특별시,동대문구,이문1동,1123011000,이문동,20090504
282,1123075000,서울특별시,동대문구,이문2동,1123011000,이문동,20090504
284,1126052000,서울특별시,중랑구,면목2동,1126010100,면목동,19880423
285,1126054000,서울특별시,중랑구,면목4동,1126010100,면목동,19880423
286,1126055000,서울특별시,중랑구,면목5동,1126010100,면목동,19880423
287,1126056500,서울특별시,중랑구,면목본동,1126010100,면목동,20080101
288,1126057000,서울특별시,중랑구,면목7동,1126010100,면목동,19880423
289,1126057500,서울특별시,중랑구,면목3.8동,1126010100,면목동,20080101
290,1126058000,서울특별시,중랑구,상봉1동,1126010200,상봉동,19880423
291,1126059000,서울특별시,중랑구,상봉2동,1126010200,상봉동,19880423
292,1126060000,서울특별시,중랑구,중화1동,1126010300,중화동,19880423
293,1126061000,서울특별시,중랑구,중화2동,1126010300,중화동,19880423
294,1126062000,서울특별시,중랑구,묵1동,1126010400,묵동,19880423
295,1126063000,서울특별시,중랑구,묵2동,1126010400,묵동,19880423
296,1126065500,서울특별시,중랑구,망우본동,1126010500,망우동,20080101
297,1126066000,서울특별시,중랑구,망우3동,1126010500,망우동,19880423
298,1126068000,서울특별시,중랑구,신내1동,1126010600,신내동,19960301
299,1126069000,서울특별시,중랑구,신내2동,1126010600,신내동,19960301
301,1129052500,서울특별시,성북구,성북동,1129010100,성북동,20071230
302,1129052500,서울특별시,성북구,성북동,1129010200,성북동1가,20071230
303,1129052500,서울특별시,성북구,성북동,1129010400,동소문동1가,20071230
304,1129052500,서울특별시,성북구,성북동,1129010700,동소문동4가,20071230
305,1129055500,서울특별시,성북구,삼선동,1129010300,돈암동,20071230
306,1129055500,서울특별시,성북구,삼선동,1129010500,동소문동2가,20071230
307,1129055500,서울특별시,성북구,삼선동,1129010600,동소문동3가,20071230
308,1129055500,서울특별시,성북구,삼선동,1129010800,동소문동5가,20071230
309,1129055500,서울특별시,성북구,삼선동,1129011100,삼선동1가,20071230
310,1129055500,서울특별시,성북구,삼선동,1129011200,삼선동2가,20071230
311,1129055500,서울특별시,성북구,삼선동,1129011300,삼선동3가,20071230
312,1129055500,서울특별시,성북구,삼선동,1129011400,삼선동4가,20071230
313,1129055500,서울특별시,성북구,삼선동,1129011500,삼선동5가,20071230
314,1129057500,서울특별시,성북구,동선동,1129010300,돈암동,20071230
315,1129057500,서울특별시,성북구,동선동,1129010900,동소문동6가,20071230
316,1129057500,서울특별시,성북구,동선동,1129011000,동소문동7가,20071230
317,1129057500,서울특별시,성북구,동선동,1129011600,동선동1가,20071230
318,1129057500,서울특별시,성북구,동선동,1129011700,동선동2가,20071230
319,1129057500,서울특별시,성북구,동선동,1129011800,동선동3가,20071230
320,1129057500,서울특별시,성북구,동선동,1129011900,동선동4가,20071230
321,1129057500,서울특별시,성북구,동선동,1129012000,동선동5가,20071230
322,1129058000,서울특별시,성북구,돈암1동,1129010300,돈암동,19880423
323,1129059000,서울특별시,성북구,돈암2동,1129010300,돈암동,19880423
324,1129060000,서울특별시,성북구,안암동,1129012100,안암동1가,19880423
325,1129060000,서울특별시,성북구,안암동,1129012200,안암동2가,19880423
326,1129060000,서울특별시,성북구,안암동,1129012300,안암동3가,19880423
327,1129060000,서울특별시,성북구,안암동,1129012400,안암동4가,19880423
328,1129060000,서울특별시,성북구,안암동,1129012500,안암동5가,19880423
329,1129061000,서울특별시,성북구,보문동,1129012600,보문동4가,19880423
330,1129061000,서울특별시,성북구,보문동,1129012700,보문동5가,19880423
331,1129061000,서울특별시,성북구,보문동,1129012800,보문동6가,19880423
332,1129061000,서울특별시,성북구,보문동,1129012900,보문동7가,19880423
333,1129061000,서울특별시,성북구,보문동,1129013000,보문동1가,19880423
334,1129061000,서울특별시,성북구,보문동,1129013100,보문동2가,19880423
335,1129061000,서울특별시,성북구,보문동,1129013200,보문동3가,19880423
336,1129062000,서울특별시,성북구,정릉1동,1129013300,정릉동,19880423
337,1129063000,서울특별시,성북구,정릉2동,1129010300,돈암동,20040204
338,1129063000,서울특별시,성북구,정릉2동,1129013300,정릉동,19880423
339,1129064000,서울특별시,성북구,정릉3동,1129013300,정릉동,19880423
340,1129065000,서울특별시,성북구,정릉4동,1129013300,정릉동,19880423
341,1129066000,서울특별시,성북구,길음1동,1129013400,길음동,19880423
342,1129068500,서울특별시,성북구,길음2동,1129013400,길음동,20071230
343,1129068500,서울특별시,성북구,길음2동,1129013600,하월곡동,20071230
344,1129070500,서울특별시,성북구,종암동,1129013500,종암동,20071230
345,1129071500,서울특별시,성북구,월곡1동,1129013600,하월곡동,19890427
346,1129072500,서울특별시,성북구,월곡2동,1129013600,하월곡동,19890427
347,1129072500,서울특별시,성북구,월곡2동,1129013700,상월곡동,20071230
348,1129076000,서울특별시,성북구,장위1동,1129013800,장위동,19880423
349,1129077000,서울특별시,성북구,장위2동,1129013800,장위동,19880423
350,1129078000,서울특별시,성북구,장위3동,1129013800,장위동,19880423
351,1129081000,서울특별시,성북구,석관동,1129013900,석관동,20071230
353,1130553400,서울특별시,강북구,삼양동,1130510100,미아동,20080630
354,1130553500,서울특별시,강북구,미아동,1130510100,미아동,20080630
355,1130554500,서울특별시,강북구,송중동,1130510100,미아동,20080630
356,1130555500,서울특별시,강북구,송천동,1130510100,미아동,20080630
357,1130557500,서울특별시,강북구,삼각산동,1130510100,미아동,20080630
358,1130559000,서울특별시,강북구,번1동,1130510200,번동,19950301
359,1130560000,서울특별시,강북구,번2동,1130510200,번동,19950301
360,1130560600,서울특별시,강북구,번3동,1130510200,번동,19950301
361,1130561000,서울특별시,강북구,수유1동,1130510300,수유동,19950301
362,1130562000,서울특별시,강북구,수유2동,1130510300,수유동,19950301
363,1130563000,서울특별시,강북구,수유3동,1130510300,수유동,19950301
364,1130564500,서울특별시,강북구,우이동,1130510300,수유동,20080630
365,1130564500,서울특별시,강북구,우이동,1130510400,우이동,20080630
366,1130566000,서울특별시,강북구,인수동,1130510300,수유동,20080630
368,1132051100,서울특별시,도봉구,창1동,1132010700,창동,19890101
369,1132051200,서울특별시,도봉구,창2동,1132010700,창동,19890101
370,1132051300,서울특별시,도봉구,창3동,1132010700,창동,19890101
371,1132051400,서울특별시,도봉구,창4동,1132010700,창동,19890101
372,1132051500,서울특별시,도봉구,창5동,1132010700,창동,19910907
373,1132052100,서울특별시,도봉구,도봉1동,1132010800,도봉동,19890101
374,1132052200,서울특별시,도봉구,도봉2동,1132010800,도봉동,19890101
375,1132066000,서울특별시,도봉구,쌍문1동,1132010500,쌍문동,19880423
376,1132067000,서울특별시,도봉구,쌍문2동,1132010500,쌍문동,19880423
377,1132068000,서울특별시,도봉구,쌍문3동,1132010500,쌍문동,19880423
378,1132068100,서울특별시,도봉구,쌍문4동,1132010500,쌍문동,19910907
379,1132069000,서울특별시,도봉구,방학1동,1132010600,방학동,19880423
380,1132070000,서울특별시,도봉구,방학2동,1132010600,방학동,19880423
381,1132071000,서울특별시,도봉구,방학3동,1132010600,방학동,19880701
383,1135056000,서울특별시,노원구,월계1동,1135010200,월계동,19880423
384,1135057000,서울특별시,노원구,월계2동,1135010200,월계동,19880423
385,1135058000,서울특별시,노원구,월계3동,1135010200,월계동,19880501
386,1135059500,서울특별시,노원구,공릉1동,1135010300,공릉동,20110623
387,1135060000,서울특별시,노원구,공릉2동,1135010300,공릉동,19880423
388,1135061100,서울특별시,노원구,하계1동,1135010400,하계동,19890901
389,1135061200,서울특별시,노원구,하계2동,1135010400,하계동,19890901
390,1135061900,서울특별시,노원구,중계본동,1135010600,중계동,19920701
391,1135062100,서울특별시,노원구,중계1동,1135010600,중계동,19890901
392,1135062400,서울특별시,노원구,중계4동,1135010500,상계동,19920701
393,1135062400,서울특별시,노원구,중계4동,1135010600,중계동,19920701
394,1135062500,서울특별시,노원구,중계2.3동,1135010600,중계동,20090101
395,1135063000,서울특별시,노원구,상계1동,1135010500,상계동,19880514
396,1135064000,서울특별시,노원구,상계2동,1135010500,상계동,19880423
397,1135066500,서울특별시,노원구,상계3.4동,1135010500,상계동,20080101
398,1135067000,서울특별시,노원구,상계5동,1135010500,상계동,19880423
399,1135069500,서울특별시,노원구,상계6.7동,1135010500,상계동,20080101
400,1135070000,서울특별시,노원구,상계8동,1135010500,상계동,19890601
401,1135071000,서울특별시,노원구,상계9동,1135010500,상계동,19890901
402,1135072000,서울특별시,노원구,상계10동,1135010500,상계동,19890901
404,1138051000,서울특별시,은평구,녹번동,1138010200,녹번동,19880423
405,1138052000,서울특별시,은평구,불광1동,1138010300,불광동,19880423
406,1138053000,서울특별시,은평구,불광2동,1138010300,불광동,19880423
407,1138055100,서울특별시,은평구,갈현1동,1138010400,갈현동,19890601
408,1138055200,서울특별시,은평구,갈현2동,1138010400,갈현동,19890601
409,1138056000,서울특별시,은평구,구산동,1138010500,구산동,19880423
410,1138057000,서울특별시,은평구,대조동,1138010600,대조동,19880423
411,1138058000,서울특별시,은평구,응암1동,1138010700,응암동,19880423
412,1138059000,서울특별시,은평구,응암2동,1138010700,응암동,19880423
413,1138060000,서울특별시,은평구,응암3동,1138010700,응암동,19880423
414,1138062500,서울특별시,은평구,역촌동,1138010800,역촌동,20080602
415,1138063100,서울특별시,은평구,신사1동,1138010900,신사동,19890901
416,1138063200,서울특별시,은평구,신사2동,1138010900,신사동,19890901
417,1138064000,서울특별시,은평구,증산동,1138011000,증산동,19880423
418,1138065000,서울특별시,은평구,수색동,1138010100,수색동,19880423
419,1138069000,서울특별시,은평구,진관동,1138011400,진관동,20070813
421,1141052000,서울특별시,서대문구,천연동,1141010500,냉천동,19880423
422,1141052000,서울특별시,서대문구,천연동,1141010600,천연동,19880423
423,1141052000,서울특별시,서대문구,천연동,1141010700,옥천동,19880423
424,1141052000,서울특별시,서대문구,천연동,1141010800,영천동,19880423
425,1141052000,서울특별시,서대문구,천연동,1141010900,현저동,19981001
426,1141055500,서울특별시,서대문구,북아현동,1141011000,북아현동,20080506
427,1141056500,서울특별시,서대문구,충현동,1141010100,충정로2가,20080506
428,1141056500,서울특별시,서대문구,충현동,1141010200,충정로3가,20080506
429,1141056500,서울특별시,서대문구,충현동,1141010300,합동,20080506
430,1141056500,서울특별시,서대문구,충현동,1141010400,미근동,20080506
431,1141056500,서울특별시,서대문구,충현동,1141011000,북아현동,20080506
432,1141058500,서울특별시,서대문구,신촌동,1141011200,대현동,20080506
433,1141058500,서울특별시,서대문구,신촌동,1141011300,대신동,20080506
434,1141058500,서울특별시,서대문구,신촌동,1141011400,신촌동,20080506
435,1141058500,서울특별시,서대문구,신촌동,1141011500,봉원동,20080506
436,1141058500,서울특별시,서대문구,신촌동,1141011600,창천동,20080506
437,1141061500,서울특별시,서대문구,연희동,1141011700,연희동,20080506
438,1141062000,서울특별시,서대문구,홍제1동,1141011100,홍제동,19880423
439,1141064000,서울특별시,서대문구,홍제3동,1141011100,홍제동,19880423
440,1141065500,서울특별시,서대문구,홍제2동,1141011100,홍제동,20080506
441,1141066000,서울특별시,서대문구,홍은1동,1141011800,홍은동,19880423
442,1141068500,서울특별시,서대문구,홍은2동,1141011800,홍은동,20080506
443,1141069000,서울특별시,서대문구,남가좌1동,1141012000,남가좌동,19880423
444,1141070000,서울특별시,서대문구,남가좌2동,1141012000,남가좌동,19880423
445,1141071000,서울특별시,서대문구,북가좌1동,1141011900,북가좌동,19880423
446,1141072000,서울특별시,서대문구,북가좌2동,1141011900,북가좌동,19880423
448,1144055500,서울특별시,마포구,아현동,1144010100,아현동,20080107
449,1144055500,서울특별시,마포구,아현동,1144010200,공덕동,20080107
450,1144055500,서울특별시,마포구,아현동,1144010900,염리동,20080107
451,1144056500,서울특별시,마포구,공덕동,1144010100,아현동,20080107
452,1144056500,서울특별시,마포구,공덕동,1144010200,공덕동,20080107
453,1144056500,서울특별시,마포구,공덕동,1144010300,신공덕동,20080107
454,1144056500,서울특별시,마포구,공덕동,1144010400,도화동,20080107
455,1144058500,서울특별시,마포구,도화동,1144010400,도화동,20070101
456,1144058500,서울특별시,마포구,도화동,1144010700,마포동,20070101
457,1144059000,서울특별시,마포구,용강동,1144010400,도화동,20070101
458,1144059000,서울특별시,마포구,용강동,1144010500,용강동,19880423
459,1144059000,서울특별시,마포구,용강동,1144010600,토정동,19880423
460,1144059000,서울특별시,마포구,용강동,1144010700,마포동,19880423
461,1144059000,서울특별시,마포구,용강동,1144010800,대흥동,20070101
462,1144059000,서울특별시,마포구,용강동,1144010900,염리동,20070101
463,1144060000,서울특별시,마포구,대흥동,1144010800,대흥동,19880423
464,1144060000,서울특별시,마포구,대흥동,1144011000,노고산동,20070101
465,1144060000,서울특별시,마포구,대흥동,1144011100,신수동,20070101
466,1144061000,서울특별시,마포구,염리동,1144010200,공덕동,20150723
467,1144061000,서울특별시,마포구,염리동,1144010900,염리동,19880423
468,1144063000,서울특별시,마포구,신수동,1144010800,대흥동,20070101
469,1144063000,서울특별시,마포구,신수동,1144011100,신수동,19880423
470,1144063000,서울특별시,마포구,신수동,1144011200,현석동,19880423
471,1144063000,서울특별시,마포구,신수동,1144011300,구수동,19880423
472,1144063000,서울특별시,마포구,신수동,1144011700,신정동,20050325
473,1144065500,서울특별시,마포구,서강동,1144011400,창전동,20070101
474,1144065500,서울특별시,마포구,서강동,1144011500,상수동,20070101
475,1144065500,서울특별시,마포구,서강동,1144011600,하중동,20070101
476,1144065500,서울특별시,마포구,서강동,1144011700,신정동,20070101
477,1144065500,서울특별시,마포구,서강동,1144011800,당인동,20070101
478,1144066000,서울특별시,마포구,서교동,1144011000,노고산동,20080107
479,1144066000,서울특별시,마포구,서교동,1144012000,서교동,19880423
480,1144066000,서울특별시,마포구,서교동,1144012100,동교동,20080107
481,1144068000,서울특별시,마포구,합정동,1144012200,합정동,19880423
482,1144069000,서울특별시,마포구,망원1동,1144012300,망원동,19880423
483,1144070000,서울특별시,마포구,망원2동,1144012300,망원동,19880423
484,1144071000,서울특별시,마포구,연남동,1144012400,연남동,19880423
485,1144072000,서울특별시,마포구,성산1동,1144012500,성산동,19880423
486,1144073000,서울특별시,마포구,성산2동,1144012500,성산동,19880423
487,1144073000,서울특별시,마포구,성산2동,1144012600,중동,19880423
488,1144074000,서울특별시,마포구,상암동,1144012700,상암동,19880423
490,1147051000,서울특별시,양천구,목1동,1147010200,목동,19880423
491,1147052000,서울특별시,양천구,목2동,1147010200,목동,19880423
492,1147053000,서울특별시,양천구,목3동,1147010200,목동,19880423
493,1147054000,서울특별시,양천구,목4동,1147010200,목동,19880423
494,1147055000,서울특별시,양천구,목5동,1147010200,목동,19880701
495,1147056000,서울특별시,양천구,신월1동,1147010300,신월동,19880423
496,1147057000,서울특별시,양천구,신월2동,1147010300,신월동,19880423
497,1147058000,서울특별시,양천구,신월3동,1147010300,신월동,19880423
498,1147059000,서울특별시,양천구,신월4동,1147010300,신월동,19880423
499,1147060000,서울특별시,양천구,신월5동,1147010300,신월동,19880423
500,1147061000,서울특별시,양천구,신월6동,1147010300,신월동,19880423
501,1147061100,서울특별시,양천구,신월7동,1147010300,신월동,19890601
502,1147062000,서울특별시,양천구,신정1동,1147010100,신정동,19880423
503,1147063000,서울특별시,양천구,신정2동,1147010100,신정동,19880423
504,1147064000,서울특별시,양천구,신정3동,1147010100,신정동,19880423
505,1147065000,서울특별시,양천구,신정4동,1147010100,신정동,19880423
506,1147067000,서울특별시,양천구,신정6동,1147010100,신정동,19880701
507,1147068000,서울특별시,양천구,신정7동,1147010100,신정동,19890901
509,1150051000,서울특별시,강서구,염창동,1150010100,염창동,19880423
510,1150051000,서울특별시,강서구,염창동,1150010400,가양동,19981130
511,1150052000,서울특별시,강서구,등촌1동,1150010200,등촌동,19880423
512,1150053000,서울특별시,강서구,등촌2동,1150010200,등촌동,19880423
513,1150053500,서울특별시,강서구,등촌3동,1150010200,등촌동,19951201
514,1150054000,서울특별시,강서구,화곡1동,1150010300,화곡동,19880423
515,1150055000,서울특별시,강서구,화곡2동,1150010300,화곡동,19880423
516,1150056000,서울특별시,강서구,화곡3동,1150010300,화곡동,19880423
517,1150057000,서울특별시,강서구,화곡4동,1150010300,화곡동,19880423
518,1150059000,서울특별시,강서구,화곡본동,1150010300,화곡동,19880423
519,1150059100,서울특별시,강서구,화곡6동,1150010300,화곡동,19910907
520,1150059300,서울특별시,강서구,화곡8동,1150010300,화곡동,19910907
521,1150060300,서울특별시,강서구,가양1동,1150010400,가양동,19930401
522,1150060300,서울특별시,강서구,가양1동,1150010500,마곡동,19930401
523,1150060400,서울특별시,강서구,가양2동,1150010400,가양동,19930401
524,1150060500,서울특별시,강서구,가양3동,1150010400,가양동,19930401
525,1150061100,서울특별시,강서구,발산1동,1150010500,마곡동,20140514
526,1150061100,서울특별시,강서구,발산1동,1150010600,내발산동,19890901
527,1150061100,서울특별시,강서구,발산1동,1150010700,외발산동,19890901
528,1150061500,서울특별시,강서구,우장산동,1150010300,화곡동,20080825
529,1150061500,서울특별시,강서구,우장산동,1150010600,내발산동,20080825
530,1150062000,서울특별시,강서구,공항동,1150010500,마곡동,20140514
531,1150062000,서울특별시,강서구,공항동,1150010800,공항동,19880423
532,1150062000,서울특별시,강서구,공항동,1150011100,과해동,19981201
533,1150062000,서울특별시,강서구,공항동,1150011200,오곡동,19981201
534,1150062000,서울특별시,강서구,공항동,1150011300,오쇠동,19981201
535,1150063000,서울특별시,강서구,방화1동,1150010500,마곡동,20140514
536,1150063000,서울특별시,강서구,방화1동,1150010900,방화동,19880423
537,1150064000,서울특별시,강서구,방화2동,1150010900,방화동,19880423
538,1150064000,서울특별시,강서구,방화2동,1150011000,개화동,19880423
539,1150064100,서울특별시,강서구,방화3동,1150010900,방화동,19941101
541,1153051000,서울특별시,구로구,신도림동,1153010100,신도림동,19880423
542,1153052000,서울특별시,구로구,구로1동,1153010200,구로동,19880423
543,1153053000,서울특별시,구로구,구로2동,1153010200,구로동,19880423
544,1153054000,서울특별시,구로구,구로3동,1153010200,구로동,19880423
545,1153055000,서울특별시,구로구,구로4동,1153010200,구로동,19880423
546,1153056000,서울특별시,구로구,구로5동,1153010200,구로동,19880423
547,1153059500,서울특별시,구로구,가리봉동,1153010300,가리봉동,20080501
548,1153072000,서울특별시,구로구,고척1동,1153010600,고척동,19880423
549,1153073000,서울특별시,구로구,고척2동,1153010600,고척동,19880423
550,1153074000,서울특별시,구로구,개봉1동,1153010700,개봉동,19880423
551,1153075000,서울특별시,구로구,개봉2동,1153010700,개봉동,19880423
552,1153076000,서울특별시,구로구,개봉3동,1153010700,개봉동,19880423
553,1153077000,서울특별시,구로구,오류1동,1153010800,오류동,19880423
554,1153078000,서울특별시,구로구,오류2동,1153010800,오류동,19880423
555,1153078000,서울특별시,구로구,오류2동,1153011100,천왕동,19880423
556,1153078000,서울특별시,구로구,오류2동,1153011200,항동,19880423
557,1153079000,서울특별시,구로구,수궁동,1153010900,궁동,19880701
558,1153079000,서울특별시,구로구,수궁동,1153011000,온수동,19880701
560,1154551000,서울특별시,금천구,가산동,1154510100,가산동,19950301
561,1154561000,서울특별시,금천구,독산1동,1154510200,독산동,19950301
562,1154562000,서울특별시,금천구,독산2동,1154510200,독산동,19950301
563,1154563000,서울특별시,금천구,독산3동,1154510200,독산동,19950301
564,1154564000,서울특별시,금천구,독산4동,1154510200,독산동,19950301
565,1154567000,서울특별시,금천구,시흥1동,1154510300,시흥동,19950301
566,1154568000,서울특별시,금천구,시흥2동,1154510300,시흥동,19950301
567,1154569000,서울특별시,금천구,시흥3동,1154510300,시흥동,19950301
568,1154570000,서울특별시,금천구,시흥4동,1154510300,시흥동,19950301
569,1154571000,서울특별시,금천구,시흥5동,1154510300,시흥동,19950301
571,1156051500,서울특별시,영등포구,영등포본동,1156010100,영등포동,20080901
572,1156051500,서울특별시,영등포구,영등포본동,1156013200,신길동,20080901
573,1156053500,서울특별시,영등포구,영등포동,1156010100,영등포동,20080901
574,1156053500,서울특별시,영등포구,영등포동,1156010200,영등포동1가,20080901
575,1156053500,서울특별시,영등포구,영등포동,1156010300,영등포동2가,20080901
576,1156053500,서울특별시,영등포구,영등포동,1156010400,영등포동3가,20080901
577,1156053500,서울특별시,영등포구,영등포동,1156010500,영등포동4가,20080901
578,1156053500,서울특별시,영등포구,영등포동,1156010600,영등포동5가,20080901
579,1156053500,서울특별시,영등포구,영등포동,1156010700,영등포동6가,20080901
580,1156053500,서울특별시,영등포구,영등포동,1156010800,영등포동7가,20080901
581,1156053500,서울특별시,영등포구,영등포동,1156010900,영등포동8가,20080901
582,1156054000,서울특별시,영등포구,여의동,1156011000,여의도동,19880423
583,1156055000,서울특별시,영등포구,당산1동,1156011100,당산동1가,19880423
584,1156055000,서울특별시,영등포구,당산1동,1156011200,당산동2가,19880423
585,1156055000,서울특별시,영등포구,당산1동,1156011300,당산동3가,19880423
586,1156056000,서울특별시,영등포구,당산2동,1156011400,당산동4가,19880423
587,1156056000,서울특별시,영등포구,당산2동,1156011500,당산동5가,19880423
588,1156056000,서울특별시,영등포구,당산2동,1156011600,당산동6가,19880423
589,1156056000,서울특별시,영등포구,당산2동,1156011700,당산동,19880423
590,1156058500,서울특별시,영등포구,도림동,1156011800,도림동,20080901
591,1156060500,서울특별시,영등포구,문래동,1156011900,문래동1가,20080901
592,1156060500,서울특별시,영등포구,문래동,1156012000,문래동2가,20080901
593,1156060500,서울특별시,영등포구,문래동,1156012100,문래동3가,20080901
594,1156060500,서울특별시,영등포구,문래동,1156012200,문래동4가,20080901
595,1156060500,서울특별시,영등포구,문래동,1156012300,문래동5가,20080901
596,1156060500,서울특별시,영등포구,문래동,1156012400,문래동6가,20080901
597,1156061000,서울특별시,영등포구,양평1동,1156012500,양평동1가,19880423
598,1156061000,서울특별시,영등포구,양평1동,1156012600,양평동2가,19880423
599,1156061000,서울특별시,영등포구,양평1동,1156012700,양평동3가,19910907
600,1156062000,서울특별시,영등포구,양평2동,1156012700,양평동3가,19880423
601,1156062000,서울특별시,영등포구,양평2동,1156012800,양평동4가,19880423
602,1156062000,서울특별시,영등포구,양평2동,1156012900,양평동5가,19880423
603,1156062000,서울특별시,영등포구,양평2동,1156013000,양평동6가,19880423
604,1156062000,서울특별시,영등포구,양평2동,1156013100,양화동,19880423
605,1156062000,서울특별시,영등포구,양평2동,1156013400,양평동,19980420
606,1156063000,서울특별시,영등포구,신길1동,1156013200,신길동,19880423
607,1156065000,서울특별시,영등포구,신길3동,1156013200,신길동,19880423
608,1156066000,서울특별시,영등포구,신길4동,1156013200,신길동,19880423
609,1156067000,서울특별시,영등포구,신길5동,1156013200,신길동,19880423
610,1156067000,서울특별시,영등포구,신길5동,1156013300,대림동,19880423
611,1156068000,서울특별시,영등포구,신길6동,1156013200,신길동,19880423
612,1156069000,서울특별시,영등포구,신길7동,1156013200,신길동,19880423
613,1156070000,서울특별시,영등포구,대림1동,1156013300,대림동,19880423
614,1156071000,서울특별시,영등포구,대림2동,1156013300,대림동,19880423
615,1156072000,서울특별시,영등포구,대림3동,1156013300,대림동,19880423
617,1159051000,서울특별시,동작구,노량진1동,1159010100,노량진동,19880423
618,1159051000,서울특별시,동작구,노량진1동,1159010400,본동,20080901
619,1159052000,서울특별시,동작구,노량진2동,1159010100,노량진동,19880423
620,1159053000,서울특별시,동작구,상도1동,1159010200,상도동,19880423
621,1159053000,서울특별시,동작구,상도1동,1159010300,상도1동,19880423
622,1159054000,서울특별시,동작구,상도2동,1159010200,상도동,19880423
623,1159055000,서울특별시,동작구,상도3동,1159010200,상도동,19880423
624,1159056000,서울특별시,동작구,상도4동,1159010200,상도동,19880423
625,1159060500,서울특별시,동작구,흑석동,1159010500,흑석동,20080201
626,1159062000,서울특별시,동작구,사당1동,1159010700,사당동,19880423
627,1159063000,서울특별시,동작구,사당2동,1159010600,동작동,20080901
628,1159063000,서울특별시,동작구,사당2동,1159010700,사당동,19880423
629,1159064000,서울특별시,동작구,사당3동,1159010700,사당동,19880423
630,1159065000,서울특별시,동작구,사당4동,1159010700,사당동,19880423
631,1159065100,서울특별시,동작구,사당5동,1159010700,사당동,19920701
632,1159066000,서울특별시,동작구,대방동,1159010800,대방동,19880423
633,1159067000,서울특별시,동작구,신대방1동,1159010900,신대방동,19880423
634,1159068000,서울특별시,동작구,신대방2동,1159010900,신대방동,19880423
636,1162052500,서울특별시,관악구,보라매동,1162010100,봉천동,20080901
637,1162054500,서울특별시,관악구,청림동,1162010100,봉천동,20080901
638,1162056500,서울특별시,관악구,성현동,1162010100,봉천동,20080901
639,1162057500,서울특별시,관악구,행운동,1162010100,봉천동,20080901
640,1162058500,서울특별시,관악구,낙성대동,1162010100,봉천동,20080901
641,1162059500,서울특별시,관악구,청룡동,1162010100,봉천동,20080901
642,1162060500,서울특별시,관악구,은천동,1162010100,봉천동,20080901
643,1162061500,서울특별시,관악구,중앙동,1162010100,봉천동,20080901
644,1162062500,서울특별시,관악구,인헌동,1162010100,봉천동,20080901
645,1162063000,서울특별시,관악구,남현동,1162010300,남현동,19880423
646,1162064500,서울특별시,관악구,서원동,1162010200,신림동,20080901
647,1162065500,서울특별시,관악구,신원동,1162010200,신림동,20080901
648,1162066500,서울특별시,관악구,서림동,1162010200,신림동,20080901
649,1162068500,서울특별시,관악구,신사동,1162010200,신림동,20080901
650,1162069500,서울특별시,관악구,신림동,1162010200,신림동,20080901
651,1162071500,서울특별시,관악구,난향동,1162010200,신림동,20080901
652,1162072500,서울특별시,관악구,조원동,1162010200,신림동,20080901
653,1162073500,서울특별시,관악구,대학동,1162010200,신림동,20080901
654,1162074500,서울특별시,관악구,삼성동,1162010200,신림동,20080901
655,1162076500,서울특별시,관악구,미성동,1162010200,신림동,20080901
656,1162077500,서울특별시,관악구,난곡동,1162010200,신림동,20080901
658,1165051000,서울특별시,서초구,서초1동,1165010800,서초동,19880423
659,1165052000,서울특별시,서초구,서초2동,1165010800,서초동,19880423
660,1165053000,서울특별시,서초구,서초3동,1165010100,방배동,19890427
661,1165053000,서울특별시,서초구,서초3동,1165010800,서초동,19880701
662,1165053100,서울특별시,서초구,서초4동,1165010800,서초동,19910907
663,1165054000,서울특별시,서초구,잠원동,1165010600,잠원동,19880423
664,1165055000,서울특별시,서초구,반포본동,1165010700,반포동,19880423
665,1165056000,서울특별시,서초구,반포1동,1165010700,반포동,19880423
666,1165057000,서울특별시,서초구,반포2동,1165010700,반포동,19880423
667,1165058000,서울특별시,서초구,반포3동,1165010600,잠원동,19880423
668,1165058100,서울특별시,서초구,반포4동,1165010700,반포동,19890901
669,1165059000,서울특별시,서초구,방배본동,1165010100,방배동,19880423
670,1165060000,서울특별시,서초구,방배1동,1165010100,방배동,19880423
671,1165061000,서울특별시,서초구,방배2동,1165010100,방배동,19880423
672,1165062000,서울특별시,서초구,방배3동,1165010100,방배동,19880423
673,1165062100,서울특별시,서초구,방배4동,1165010100,방배동,19910907
674,1165065100,서울특별시,서초구,양재1동,1165010200,양재동,19920701
675,1165065100,서울특별시,서초구,양재1동,1165010300,우면동,19920701
676,1165065200,서울특별시,서초구,양재2동,1165010200,양재동,19920701
677,1165065200,서울특별시,서초구,양재2동,1165010400,원지동,19920701
678,1165066000,서울특별시,서초구,내곡동,1165010900,내곡동,19880423
679,1165066000,서울특별시,서초구,내곡동,1165011000,염곡동,19880423
680,1165066000,서울특별시,서초구,내곡동,1165011100,신원동,19880423
682,1168051000,서울특별시,강남구,신사동,1168010700,신사동,19880423
683,1168051000,서울특별시,강남구,신사동,1168011000,압구정동,19880423
684,1168052100,서울특별시,강남구,논현1동,1168010800,논현동,19921001
685,1168053100,서울특별시,강남구,논현2동,1168010800,논현동,19921001
686,1168054500,서울특별시,강남구,압구정동,1168010700,신사동,20090301
687,1168054500,서울특별시,강남구,압구정동,1168011000,압구정동,20090301
688,1168056500,서울특별시,강남구,청담동,1168010400,청담동,20090301
689,1168058000,서울특별시,강남구,삼성1동,1168010500,삼성동,19880423
690,1168059000,서울특별시,강남구,삼성2동,1168010500,삼성동,19880423
691,1168060000,서울특별시,강남구,대치1동,1168010600,대치동,19880423
692,1168061000,서울특별시,강남구,대치2동,1168010600,대치동,19880423
693,1168063000,서울특별시,강남구,대치4동,1168010600,대치동,19880701
694,1168064000,서울특별시,강남구,역삼1동,1168010100,역삼동,19880423
695,1168065000,서울특별시,강남구,역삼2동,1168010100,역삼동,19880423
696,1168065500,서울특별시,강남구,도곡1동,1168011800,도곡동,19890101
697,1168065600,서울특별시,강남구,도곡2동,1168011800,도곡동,19890101
698,1168066000,서울특별시,강남구,개포1동,1168010300,개포동,19880423
699,1168067000,서울특별시,강남구,개포2동,1168010300,개포동,19880423
700,1168067000,서울특별시,강남구,개포2동,1168011400,일원동,20090301
701,1168069000,서울특별시,강남구,개포4동,1168010300,개포동,19880701
702,1168070000,서울특별시,강남구,세곡동,1168011100,세곡동,19880423
703,1168070000,서울특별시,강남구,세곡동,1168011200,자곡동,19880423
704,1168070000,서울특별시,강남구,세곡동,1168011300,율현동,19880423
705,1168072000,서울특별시,강남구,일원본동,1168011400,일원동,19921001
706,1168072000,서울특별시,강남구,일원본동,1168011500,수서동,19921001
707,1168073000,서울특별시,강남구,일원1동,1168011400,일원동,19921001
708,1168073000,서울특별시,강남구,일원1동,1168011500,수서동,19921001
709,1168074000,서울특별시,강남구,일원2동,1168010300,개포동,19921001
710,1168074000,서울특별시,강남구,일원2동,1168010600,대치동,19921001
711,1168074000,서울특별시,강남구,일원2동,1168011400,일원동,19921001
712,1168075000,서울특별시,강남구,수서동,1168011500,수서동,19921001
714,1171051000,서울특별시,송파구,풍납1동,1171010300,풍납동,19880423
715,1171052000,서울특별시,송파구,풍납2동,1171010300,풍납동,19880423
716,1171053100,서울특별시,송파구,거여1동,1171011300,거여동,19920701
717,1171053200,서울특별시,송파구,거여2동,1171011300,거여동,19920701
718,1171054000,서울특별시,송파구,마천1동,1171011400,마천동,19880423
719,1171055000,서울특별시,송파구,마천2동,1171011400,마천동,19880423
720,1171056100,서울특별시,송파구,방이1동,1171011100,방이동,19920701
721,1171056200,서울특별시,송파구,방이2동,1171011100,방이동,19920701
722,1171056600,서울특별시,송파구,오륜동,1171011100,방이동,19890601
723,1171057000,서울특별시,송파구,오금동,1171011200,오금동,19880423
724,1171058000,서울특별시,송파구,송파1동,1171010400,송파동,19880423
725,1171059000,서울특별시,송파구,송파2동,1171010400,송파동,19880423
726,1171060000,서울특별시,송파구,석촌동,1171010500,석촌동,19880423
727,1171061000,서울특별시,송파구,삼전동,1171010600,삼전동,19880701
728,1171062000,서울특별시,송파구,가락본동,1171010700,가락동,19880701
729,1171063100,서울특별시,송파구,가락1동,1171010700,가락동,19890601
730,1171063200,서울특별시,송파구,가락2동,1171010700,가락동,19890601
731,1171064100,서울특별시,송파구,문정1동,1171010800,문정동,19890901
732,1171064200,서울특별시,송파구,문정2동,1171010800,문정동,19890901
733,1171064200,서울특별시,송파구,문정2동,1171010900,장지동,19890901
734,1171064600,서울특별시,송파구,장지동,1171010800,문정동,19960801
735,1171064600,서울특별시,송파구,장지동,1171010900,장지동,19960801
736,1171064700,서울특별시,송파구,위례동,1171010800,문정동,20150706
737,1171064700,서울특별시,송파구,위례동,1171010900,장지동,20150706
738,1171064700,서울특별시,송파구,위례동,1171011300,거여동,20150706
739,1171065000,서울특별시,송파구,잠실본동,1171010100,잠실동,19880423
740,1171067000,서울특별시,송파구,잠실2동,1171010100,잠실동,19880423
741,1171068000,서울특별시,송파구,잠실3동,1171010100,잠실동,19880423
742,1171069000,서울특별시,송파구,잠실4동,1171010200,신천동,19880423
743,1171071000,서울특별시,송파구,잠실6동,1171010200,신천동,19880423
744,1171072000,서울특별시,송파구,잠실7동,1171010100,잠실동,19890901
746,1174051500,서울특별시,강동구,강일동,1174010300,상일동,20000101
747,1174051500,서울특별시,강동구,강일동,1174011000,강일동,20070101
748,1174052000,서울특별시,강동구,상일동,1174010300,상일동,19880423
749,1174053000,서울특별시,강동구,명일1동,1174010100,명일동,19880501
750,1174054000,서울특별시,강동구,명일2동,1174010100,명일동,19880423
751,1174055000,서울특별시,강동구,고덕1동,1174010200,고덕동,19880423
752,1174056000,서울특별시,강동구,고덕2동,1174010200,고덕동,19880423
753,1174057000,서울특별시,강동구,암사1동,1174010700,암사동,19880423
754,1174058000,서울특별시,강동구,암사2동,1174010700,암사동,19880423
755,1174059000,서울특별시,강동구,암사3동,1174010700,암사동,19880423
756,1174060000,서울특별시,강동구,천호1동,1174010900,천호동,19880423
757,1174061000,서울특별시,강동구,천호2동,1174010900,천호동,19880423
758,1174062000,서울특별시,강동구,천호3동,1174010900,천호동,19880423
759,1174064000,서울특별시,강동구,성내1동,1174010800,성내동,19880423
760,1174065000,서울특별시,강동구,성내2동,1174010800,성내동,19880423
761,1174066000,서울특별시,강동구,성내3동,1174010800,성내동,19880423
762,1174068500,서울특별시,강동구,길동,1174010500,길동,20080707
763,1174069000,서울특별시,강동구,둔촌1동,1174010600,둔촌동,19880423
764,1174070000,서울특별시,강동구,둔촌2동,1174010600,둔촌동,19880423
